nome do filme,data lançamento,gênero,duração (min),origem,receita fim semana abertura,receita noite abertura,orçamento,custo marketing
Mirage,2022-05-04,thriller,112,Índia-WB,15.52,5.68,23.5,7.05
Storm: Afterlight,2015-05-07,action,124,Nigéria-Kano,43.78,18.28,50.79,20.4
Rush,2012-09-06,action,107,Reino Unido-NIR,19.87,9.04,32.85,16.94
Embers 2,2021-11-18,drama,121,Canadá-MB,18.37,5.91,35.19,16.28
Neon 2,2020-06-11,thriller,110,México-JAL,23.55,5.0,29.8,11.08
Rift,2020-11-19,sci-fi,123,Reino Unido-ENG,30.71,9.12,32.35,16.2
Aurora: Reckoning,2023-01-03,fantasy,134,Índia-DL,19.14,5.43,22.52,12.86
Eclipse 4: Reckoning,2025-03-04,sci-fi,136,EUA-PA,67.21,14.3,104.4,56.46
Quantum,2013-08-09,sci-fi,119,Reino Unido-SCT,37.64,14.86,35.69,29.25
Haunt,2014-07-11,horror,106,Brasil-PR,19.09,5.45,19.3,5.63
Neon,2014-04-10,thriller,123,EUA-IL,15.88,5.59,22.72,13.31
Storm 4,2013-12-06,action,120,EUA-NY,47.8,20.0,50.79,18.49
Paws,2015-08-13,animation,96,EUA-TX,36.66,11.96,60.8,29.18
Quantum: Reckoning,2017-10-24,sci-fi,125,Brasil-CE,26.77,8.87,34.65,23.81
Frontier,2022-12-29,western,113,Japão-Aichi,33.55,7.83,83.08,32.62
MegaPik Whisper: Eclipse,2014-03-13,drama,118,EUA-WA,8.33,3.12,15.42,5.3
Whisper: Origins,2020-01-24,drama,97,EUA-CA,4.62,1.88,6.07,2.37
Storm,2022-07-14,action,136,Japão-Osaka,58.75,24.61,55.36,24.85
MegaPik Chronicles 3,2025-04-24,fantasy,118,EUA-NY,31.35,9.97,34.52,14.03
MegaPik Pulse: Origins,2019-11-27,action,122,EUA,85.79,38.29,53.3,35.65
Odyssey 3,2018-06-19,adventure,126,EUA-NY,38.29,15.31,29.97,11.31
Rush: Legacy,2016-02-12,action,121,Índia-MH,44.04,13.17,58.18,33.2
MegaPik Paws,2017-06-19,animation,116,Reino Unido-NIR,35.93,13.14,40.91,15.99
Paws,2021-08-27,animation,82,EUA-LA,18.79,5.31,22.85,9.95
Odyssey: Legacy,2017-03-16,adventure,133,EUA-MA,16.15,4.87,19.79,9.56
Whisper,2019-07-09,drama,125,EUA-WA,12.54,3.82,10.8,3.78
Neon,2013-01-11,thriller,97,EUA-PA,7.83,4.01,24.14,2.76
MegaPik Neon 6: Origins,2017-06-22,thriller,116,Brasil-PE,28.47,13.07,16.32,8.76
MegaPik Whisper: Eclipse,2013-02-22,drama,102,Reino Unido-SCT,8.79,2.16,10.35,3.22
Aurora,2024-04-24,fantasy,120,EUA-NM,14.08,2.53,19.8,7.73
Echo,2016-03-13,drama,110,Coreia do Sul-Gyeonggi,6.86,1.74,9.9,2.48
MegaPik Voyage,2017-10-27,adventure,123,Japão-Kanagawa,24.39,10.39,45.63,13.8
Shadow,2011-07-29,thriller,116,EUA-CA,15.42,4.05,16.31,5.16
Echo,2018-12-27,drama,137,Brasil-BA,9.25,2.34,10.83,3.93
Embers,2014-05-22,drama,98,Brasil,10.31,2.13,5.56,1.6
Paws,2023-03-06,animation,115,Brasil-GO,19.96,7.45,17.89,8.21
Mirage 4,2022-02-10,thriller,109,EUA-MA,13.6,5.34,23.79,8.78
Echo,2016-09-15,drama,149,EUA-IL,5.74,1.47,8.53,3.65
Aurora,2019-08-08,fantasy,127,Índia-TN,25.99,10.56,31.45,16.74
Whisper: Horizons,2025-11-13,drama,137,EUA-NM,2.66,0.77,1.31,0.26
MegaPik Mirage,2014-02-28,thriller,94,EUA-IL,28.02,5.04,26.26,15.47
Mirage,2011-11-26,thriller,106,EUA-PA,10.01,3.14,10.87,5.81
MegaPik Chronicles,2017-03-31,fantasy,135,Reino Unido-ENG,18.75,6.89,19.99,11.89
Haunt,2018-01-26,horror,99,Austrália-WA,16.98,7.18,21.06,7.66
Echo,2023-12-08,drama,100,Índia-KA,19.53,4.82,30.43,8.02
Quantum,2023-05-04,sci-fi,131,Brasil-CE,29.86,10.3,36.34,13.26
Mirage,2025-09-12,thriller,99,Brasil-PB,19.99,6.18,37.34,18.71
Haunt,2021-09-17,horror,90,Brasil-PR,13.73,5.64,30.52,13.54
Embers,2013-06-22,drama,113,EUA-WA,0.94,0.29,0.5,0.2
Odyssey,2012-02-10,adventure,112,Japão,24.48,7.93,35.33,24.13
Rift 2,2022-08-26,sci-fi,110,EUA-WA,26.99,8.53,21.45,13.98
Quantum: Legacy,2011-07-22,sci-fi,135,Brasil-PE,50.54,18.28,43.02,39.28
Rift,2021-03-12,sci-fi,125,EUA-NM,30.33,9.75,24.61,19.53
Shadow 4,2017-08-10,thriller,101,Índia-DL,27.06,9.02,23.92,15.28
Mirage: Revenant,2019-02-21,thriller,115,EUA-CA,12.66,5.26,13.98,6.89
Harmony: Eclipse,2023-05-10,romance,104,EUA,10.38,3.93,28.43,11.2
Pulse,2013-09-19,action,128,EUA-PA,37.45,16.53,47.93,29.82
Pulse,2020-05-26,action,121,EUA-GA,24.69,7.28,33.84,10.66
Echo,2017-12-18,drama,108,Brasil-SC,11.85,3.22,17.27,3.34
Paws,2015-11-06,animation,114,Brasil-AM,17.08,4.49,22.28,9.76
MegaPik Pulse: Reckoning,2020-10-15,action,125,Japão-Kanagawa,50.02,16.48,66.9,36.71
Rush: Origins,2022-02-23,action,113,EUA-LA,25.82,12.45,25.79,14.0
Odyssey: Origins,2022-03-18,adventure,128,EUA-WA,21.54,4.08,20.39,10.28
MegaPik Pulse: Reckoning,2019-06-20,action,134,EUA-GA,27.66,8.11,45.73,20.21
Odyssey: Legacy,2013-05-10,adventure,108,EUA-WA,17.89,6.23,23.12,11.18
Rush 3,2014-10-16,action,112,Japão-Tóquio,32.09,8.95,27.52,14.75
MegaPik Pulse,2019-07-25,action,97,EUA-MA,21.53,7.42,12.01,8.54
Paws 2,2018-10-08,animation,91,EUA-NY,13.04,4.07,12.84,6.21
Storm 5: Origins,2018-09-20,action,136,EUA-GA,125.87,37.49,76.18,67.62
Echo,2020-01-23,drama,93,EUA,10.06,2.79,8.68,3.26
Quantum,2011-01-07,sci-fi,131,México-MEX,16.26,6.13,20.6,10.0
Paws,2017-10-05,animation,111,Brasil-DF,26.91,7.28,25.15,14.3
Pulse 2: Reckoning,2019-07-25,action,134,EUA-LA,84.77,35.36,46.43,36.18
Eclipse,2023-10-12,sci-fi,121,EUA-WA,54.27,20.96,78.08,58.1
Whisper,2018-08-03,drama,110,Canadá-AB,10.44,2.95,10.25,3.49
Paws,2015-08-06,animation,94,EUA-IL,20.86,3.76,34.78,14.92
Echo,2020-06-18,drama,100,EUA-CA,12.11,3.54,21.02,6.73
Aurora: Legacy,2022-11-10,fantasy,147,França-OCC,28.65,8.4,30.0,17.06
Frontier,2023-07-20,western,108,EUA-CA,15.9,5.54,21.21,7.37
Storm,2023-07-16,action,132,Brasil-SC,35.05,16.71,36.65,19.55
MegaPik Quantum,2019-07-04,sci-fi,127,Austrália-VIC,52.23,27.34,43.24,46.08
Chronicles,2017-05-11,fantasy,120,Brasil-RJ,30.67,9.45,44.15,15.89
Voyage,2016-08-12,adventure,130,EUA-NM,15.77,4.74,48.28,12.25
Voyage,2023-12-07,adventure,116,EUA-NY,49.7,17.05,58.99,45.83
Rift 3,2021-09-09,sci-fi,144,Japão-Kanagawa,13.7,4.05,20.37,7.99
Odyssey,2012-08-23,adventure,123,EUA-MA,21.7,5.31,37.68,13.18
Rift,2024-07-18,sci-fi,155,Brasil-RJ,14.68,6.24,18.64,12.19
Whisper: Legacy,2013-03-29,drama,99,Brasil-AM,11.14,3.11,8.05,2.15
Harmony: Reckoning,2016-07-15,romance,109,EUA-MA,21.19,6.4,17.3,7.12
Harmony: Reckoning,2022-04-28,romance,124,Brasil-BA,16.67,4.08,56.09,10.96
Pulse: Afterlight,2018-03-09,action,119,EUA-NY,16.27,4.09,23.1,10.44
Rift: Uprising,2021-10-08,sci-fi,141,EUA-PA,42.17,10.24,47.17,32.55
Whisper,2019-05-20,drama,128,EUA-LA,2.98,0.59,1.96,0.5
Storm 5,2021-02-09,action,125,EUA-GA,48.63,11.43,58.36,43.2
MegaPik Pulse,2020-07-16,action,136,EUA-CA,29.37,10.72,30.34,18.52
Embers,2016-08-01,drama,132,EUA-LA,11.27,3.36,15.78,5.58
MegaPik Voyage: Afterlight,2022-06-09,adventure,110,Brasil-AM,37.08,16.04,38.41,23.2
Haunt,2016-03-17,horror,89,EUA-PA,11.01,5.1,8.83,4.38
Storm,2021-03-25,action,112,EUA-NY,25.37,9.11,26.39,14.71
Chronicles,2012-04-06,fantasy,132,EUA-TX,21.56,5.08,15.23,11.4
Paws: Reckoning,2013-07-08,animation,90,EUA-WA,46.6,11.56,40.36,21.3
Embers,2021-12-01,drama,114,EUA-LA,6.2,1.45,8.45,3.32
MegaPik Neon 2: Eclipse,2024-08-30,thriller,93,Canadá,26.56,8.3,23.28,15.68
Embers 3,2014-07-18,drama,145,EUA-GA,11.75,3.6,13.37,3.43
Paws: Afterlight,2016-04-15,animation,116,EUA-WA,23.72,6.59,25.68,8.94
Rift,2025-02-14,sci-fi,120,Índia,23.62,8.79,48.45,29.53
Storm,2019-09-20,action,111,EUA,24.71,9.46,36.96,20.9
Eclipse: Legacy,2021-01-25,sci-fi,126,França-IDF,24.91,8.37,47.38,15.53
Frontier,2024-12-19,western,115,EUA,16.22,4.65,21.98,7.92
Haunt 2,2015-04-16,horror,104,México-MEX,10.16,4.64,11.23,6.94
Rush 6,2021-02-26,action,105,EUA-CA,23.71,8.23,30.13,22.48
Eclipse,2018-02-24,sci-fi,148,Reino Unido-NIR,30.63,8.95,42.66,27.22
MegaPik Embers,2022-09-09,drama,109,Brasil-AM,11.84,3.54,17.27,4.09
MegaPik Shadow,2022-07-29,thriller,113,EUA-MA,11.5,2.89,10.23,5.26
Aurora,2021-05-28,fantasy,165,Brasil,26.68,11.24,25.27,13.35
Echo,2019-06-13,drama,100,Reino Unido-WLS,18.18,6.79,16.18,4.26
MegaPik Rush,2025-05-09,action,107,Canadá,29.37,10.42,26.95,13.21
Neon,2018-02-01,thriller,121,EUA-NM,27.62,8.38,28.75,18.2
MegaPik Aurora,2021-09-27,fantasy,122,França-NAQ,18.8,5.26,20.54,13.99
Rift,2018-08-19,sci-fi,118,EUA-NM,15.52,4.25,18.19,13.92
Haunt: Eclipse,2016-07-15,horror,104,EUA-GA,17.79,6.29,11.18,5.36
Whisper 2,2019-07-26,drama,90,EUA-TX,9.94,3.49,13.13,3.84
Odyssey 2,2022-06-16,adventure,101,Brasil,32.89,12.35,20.99,10.88
Haunt,2011-10-26,horror,90,Canadá-QC,24.02,5.5,26.56,24.03
MegaPik Frontier: Eclipse,2018-05-03,western,115,EUA-GA,11.03,2.54,13.35,8.55
Storm,2012-04-21,action,136,Coreia do Sul-Gyeonggi,12.62,4.87,7.32,5.68
Haunt: Reckoning,2019-03-15,horror,90,Japão-Aichi,16.04,5.84,21.85,12.37
Shadow,2020-11-20,thriller,108,EUA-GA,11.82,5.49,20.18,11.4
Embers,2022-02-10,drama,136,Índia-KA,6.99,2.11,12.81,4.57
Shadow,2019-06-05,thriller,94,EUA-CA,16.02,4.81,29.95,6.39
Eclipse 3,2018-03-02,sci-fi,126,Índia-TN,106.84,44.99,126.77,55.35
Storm: Revenant,2019-04-01,action,126,Coreia do Sul-Gyeonggi,28.98,6.56,28.22,28.44
MegaPik Harmony 3,2018-06-14,romance,95,Japão,16.31,7.24,19.71,6.99
Harmony 2,2014-08-08,romance,116,Brasil,15.37,5.36,15.92,6.44
Paws,2017-02-10,animation,101,EUA-TX,27.58,10.44,25.64,16.03
Shadow 5,2021-06-25,thriller,104,França-NAQ,24.84,5.7,24.55,15.07
Echo: Afterlight,2020-06-11,drama,137,Brasil-RJ,14.47,3.82,20.38,5.71
Whisper,2018-10-25,drama,107,México-MEX,12.44,3.74,26.9,6.76
Whisper,2023-10-12,drama,117,EUA-TX,6.44,1.83,12.62,4.01
Rift: Legacy,2025-03-07,sci-fi,138,EUA,21.44,4.58,22.32,16.2
Rift,2015-04-11,sci-fi,126,EUA-IL,18.96,6.09,25.66,13.05
Whisper,2023-10-19,drama,90,Índia-DL,11.22,3.9,18.73,6.1
Haunt: Reckoning,2014-07-27,horror,103,EUA-MA,15.93,4.27,22.87,13.09
Neon,2021-07-02,thriller,117,EUA-PA,22.43,7.3,39.08,11.15
Paws: Horizons,2014-02-21,animation,106,EUA-IL,20.04,6.71,27.78,12.15
Quantum,2014-07-10,sci-fi,126,Índia-KA,42.03,10.77,40.94,32.25
MegaPik Rift,2021-05-14,sci-fi,139,Brasil-AM,30.7,9.52,39.89,20.55
Odyssey: Reckoning,2023-05-16,adventure,116,Espanha,27.59,10.26,97.74,59.44
Eclipse,2016-11-08,sci-fi,115,Brasil-PB,45.59,17.27,33.97,27.07
Aurora,2019-06-27,fantasy,129,EUA-WA,30.37,11.22,33.81,28.94
MegaPik Pulse,2014-08-05,action,102,EUA,24.3,7.87,22.1,14.44
Harmony,2017-03-01,romance,115,EUA-WA,8.56,2.89,30.2,13.07
MegaPik Aurora: Eclipse,2016-06-09,fantasy,126,Austrália-WA,16.97,5.83,18.63,11.29
Storm,2020-10-15,action,114,EUA-GA,35.6,18.02,38.12,27.9
Harmony,2020-12-31,romance,96,EUA-GA,26.2,5.58,13.79,7.14
MegaPik Chronicles,2019-07-19,fantasy,144,Brasil-PR,37.65,9.69,51.1,33.86
Pulse,2022-07-23,action,118,EUA-MA,26.49,10.54,54.68,28.97
Neon,2015-12-25,thriller,105,EUA-TX,14.14,5.56,7.55,2.02
Paws: Uprising,2015-03-20,animation,113,Canadá-ON,26.36,8.12,33.45,16.38
Shadow,2020-05-08,thriller,112,Canadá,26.13,8.07,23.28,13.2
Chronicles 2,2021-05-14,fantasy,118,EUA-LA,56.94,16.93,67.4,25.33
Haunt,2013-01-18,horror,98,México-CDMX,8.86,4.38,18.34,8.38
Storm,2022-02-04,action,122,Alemanha-BE,36.71,12.44,36.38,27.29
Echo,2025-09-25,drama,125,EUA-IL,5.68,2.0,12.97,2.67
MegaPik Echo,2022-10-20,drama,114,Canadá-BC,9.44,2.74,16.3,6.83
Rush,2016-03-16,action,129,EUA-LA,31.7,10.76,20.08,15.91
Shadow,2022-12-23,thriller,122,EUA-GA,23.21,8.13,30.71,13.18
Echo,2023-10-12,drama,115,EUA-MA,5.93,1.41,9.51,2.03
Chronicles,2012-12-07,fantasy,139,Índia-TN,15.38,4.81,15.97,5.3
Voyage: Horizons,2014-06-05,adventure,103,Brasil-PA,61.52,21.31,60.96,43.89
Whisper: Afterlight,2024-07-25,drama,109,Índia-KA,7.42,3.09,13.94,3.91
Storm,2021-08-26,action,90,EUA-TX,48.57,22.86,65.51,41.07
Whisper,2015-05-14,drama,109,EUA-MA,6.3,1.71,11.73,4.58
Haunt,2012-06-07,horror,107,EUA-IL,31.14,10.31,29.28,19.59
MegaPik Harmony,2010-02-04,romance,108,Canadá,14.11,3.77,17.18,7.06
Voyage,2017-06-14,adventure,129,França-ARA,65.24,15.0,49.23,37.25
Harmony,2018-08-20,romance,98,Brasil-PE,10.74,3.67,14.63,5.81
Echo: Horizons,2021-03-26,drama,113,EUA-PA,6.77,2.64,13.89,4.19
Whisper 3,2011-11-17,drama,75,EUA-MA,9.2,3.23,8.63,3.94
Odyssey 2,2023-01-26,adventure,135,EUA-TX,24.94,7.05,27.38,17.96
Embers: Origins,2023-08-03,drama,91,EUA-GA,14.04,5.01,22.68,8.83
Neon,2023-02-22,thriller,109,EUA-PA,15.72,4.89,21.68,10.26
MegaPik Rush,2020-07-12,action,119,Reino Unido-SCT,27.53,11.33,31.88,19.0
Rift,2014-07-03,sci-fi,121,Nigéria-Lagos,64.8,21.34,102.85,57.59
Quantum,2022-07-07,sci-fi,144,EUA-TX,53.54,17.95,86.64,51.44
Neon,2025-12-25,thriller,128,EUA-IL,36.91,15.08,40.65,15.4
Chronicles: Reckoning,2012-04-05,fantasy,124,Reino Unido-SCT,15.68,5.52,11.98,5.33
Chronicles,2018-10-11,fantasy,135,EUA-GA,38.24,15.84,44.21,27.34
Storm,2025-10-23,action,116,Índia-WB,29.56,10.57,27.22,18.87
Neon: Legacy,2017-07-21,thriller,111,EUA-PA,28.81,9.34,32.68,18.9
Storm 4: Origins,2014-02-06,action,119,Reino Unido-WLS,49.1,22.11,81.08,38.84
Rift,2011-10-20,sci-fi,129,Brasil,24.46,8.28,37.82,25.66
Embers,2023-12-19,drama,80,EUA-NY,8.81,3.03,9.99,3.43
MegaPik Chronicles,2020-10-17,fantasy,147,Nigéria-Rivers,32.8,10.1,17.47,11.14
Storm,2018-04-06,action,120,Brasil-PB,40.71,15.19,38.35,22.8
Embers,2024-08-13,drama,94,Reino Unido-ENG,9.17,3.55,19.67,4.76
Voyage,2017-05-19,adventure,134,EUA-MA,13.74,5.75,14.19,7.76
Haunt 2,2021-01-07,horror,89,EUA-MA,14.86,6.9,19.93,10.54
Odyssey 2,2017-05-05,adventure,110,França-ARA,39.03,14.75,47.92,13.54
Odyssey,2024-09-13,adventure,132,Brasil-BA,24.69,7.46,21.28,13.63
Chronicles,2012-07-27,fantasy,141,EUA-MA,11.38,2.92,38.83,3.88
MegaPik Odyssey 5,2016-07-01,adventure,123,Índia-WB,34.66,6.24,24.83,15.13
Voyage 2,2018-03-29,adventure,127,Brasil-PE,58.39,25.26,60.22,32.71
MegaPik Mirage,2023-04-07,thriller,116,EUA-WA,20.69,7.81,26.62,12.64
Odyssey 2: Afterlight,2023-09-08,adventure,109,EUA-LA,27.91,11.07,44.0,26.06
MegaPik Rush,2014-07-03,action,134,EUA,33.82,10.35,16.37,9.9
Embers,2024-06-21,drama,100,Brasil-RS,12.08,4.28,14.0,3.51
Voyage,2019-08-07,adventure,120,Brasil-CE,36.66,13.26,33.37,16.42
MegaPik Haunt,2023-08-23,horror,108,Reino Unido-NIR,11.64,4.47,10.61,4.5
Haunt 4: Afterlight,2011-12-16,horror,95,Brasil-AM,10.75,4.19,9.67,5.62
Haunt: Reckoning,2011-06-03,horror,91,Canadá-QC,9.84,3.98,9.01,5.33
Harmony 2,2022-11-13,romance,114,Brasil-DF,12.78,2.3,19.94,7.85
Rush,2025-11-14,action,127,EUA-NY,31.71,13.56,36.94,22.07
Storm 2,2020-01-10,action,110,EUA-GA,77.91,29.33,99.22,54.86
Rush,2021-06-04,action,135,Canadá-QC,22.74,8.01,27.97,15.41
Pulse,2012-06-07,action,110,EUA-NM,43.15,16.8,44.03,30.82
Odyssey 5: Uprising,2024-06-13,adventure,117,EUA-PA,50.24,12.42,53.47,15.65
Frontier,2017-02-03,western,125,EUA-MA,12.81,4.21,24.25,13.01
Pulse: Reckoning,2020-07-24,action,128,Reino Unido-ENG,18.61,7.55,14.75,7.44
Paws 2: Horizons,2016-10-16,animation,103,Índia-TN,16.25,5.61,18.79,9.67
Embers,2023-04-07,drama,107,EUA-PA,25.95,6.0,52.75,21.27
Aurora: Uprising,2020-05-11,fantasy,140,EUA-TX,13.94,2.51,16.05,9.33
Whisper: Afterlight,2018-06-07,drama,132,França-IDF,15.7,3.98,14.23,7.4
Echo,2018-03-22,drama,97,EUA-NM,3.47,1.26,1.58,0.49
Eclipse,2014-06-12,sci-fi,112,Japão-Osaka,16.13,5.57,17.92,9.16
Whisper: Reckoning,2021-08-16,drama,124,Índia-TN,14.37,3.87,21.95,5.95
Aurora: Revenant,2017-07-07,fantasy,132,EUA-PA,33.79,12.15,63.63,44.99
Neon,2016-11-10,thriller,130,Brasil-PE,9.8,3.68,10.65,4.61
Whisper 2,2010-04-08,drama,123,EUA-PA,5.44,0.98,14.3,3.85
Voyage: Uprising,2017-07-21,adventure,127,EUA-WA,31.61,5.72,51.49,25.57
Embers: Revenant,2021-03-26,drama,102,Brasil-SC,9.91,3.48,7.4,1.5
Shadow: Reckoning,2024-09-01,thriller,104,Índia-TN,13.34,3.8,17.99,5.69
Haunt: Origins,2019-11-07,horror,90,Coreia do Sul-Busan,11.1,4.05,5.89,2.03
Quantum 3,2020-03-15,sci-fi,144,Brasil-AM,50.22,12.37,69.56,40.57
Harmony,2017-03-16,romance,132,EUA-LA,9.58,2.96,10.58,2.42
Neon,2019-03-21,thriller,102,EUA-CA,9.77,3.54,14.67,6.31
MegaPik Shadow 3,2015-02-13,thriller,111,EUA-PA,8.65,2.86,9.7,4.73
Aurora,2024-12-05,fantasy,135,EUA-LA,80.96,24.4,97.44,38.54
Shadow 2,2014-11-20,thriller,104,EUA,13.12,4.85,14.31,7.78
Embers,2015-05-28,drama,125,EUA-TX,13.55,3.97,16.25,4.54
Echo 6,2020-03-13,drama,115,EUA-IL,9.2,2.75,17.84,3.38
Rush,2011-07-29,action,131,Espanha-CAT,44.61,19.82,33.07,31.04
Haunt,2018-04-03,horror,96,EUA-PA,13.3,5.9,12.76,4.77
Chronicles,2024-11-29,fantasy,117,Índia-MH,25.02,9.95,21.05,11.33
Paws,2023-07-25,animation,91,Índia-MH,29.16,10.14,35.88,17.6
Pulse,2018-06-21,action,113,Coreia do Sul-Seoul,62.61,29.28,62.41,28.24
Frontier,2015-03-22,western,108,Canadá-ON,10.66,2.55,22.9,12.8
Odyssey,2021-06-22,adventure,127,Reino Unido-ENG,18.09,6.17,14.44,11.07
Quantum,2012-01-25,sci-fi,120,EUA-GA,76.03,27.29,106.17,82.14
Paws,2020-06-11,animation,86,Índia,24.34,6.11,41.06,23.8
Storm 5,2015-06-19,action,122,EUA-WA,55.61,20.75,70.07,40.25
Embers,2024-11-14,drama,132,Brasil-RS,15.81,7.13,14.3,3.12
MegaPik Rush,2016-04-08,action,122,EUA-TX,78.09,26.14,60.62,47.61
Paws,2018-05-07,animation,108,Alemanha-NRW,12.01,3.18,28.32,11.24
Rift 3: Uprising,2020-04-12,sci-fi,126,EUA-NM,25.33,8.33,32.14,17.83
Paws,2020-12-18,animation,105,EUA-IL,26.16,8.61,22.35,10.69
Chronicles 2,2019-12-20,fantasy,138,Brasil-PB,19.18,5.8,15.93,9.46
Voyage: Afterlight,2017-11-01,adventure,125,EUA-CA,33.95,15.06,45.37,28.8
Quantum,2020-02-07,sci-fi,130,EUA-CA,34.98,11.13,48.25,31.2
MegaPik Whisper,2017-05-05,drama,98,Brasil-CE,6.2,1.81,9.44,2.88
Rift,2022-11-24,sci-fi,140,EUA-MA,26.1,7.36,39.03,32.49
Quantum,2017-06-12,sci-fi,128,Brasil,21.87,9.37,25.58,15.36
Haunt: Eclipse,2011-11-11,horror,98,Brasil-RJ,12.03,3.88,11.15,4.5
Echo,2016-11-01,drama,78,EUA,9.49,2.78,7.39,2.29
Voyage,2025-10-17,adventure,109,EUA-TX,38.27,14.54,46.47,25.17
Embers,2021-07-16,drama,98,EUA-NY,10.04,2.43,16.84,6.96
Aurora,2020-07-02,fantasy,120,EUA-NM,43.39,17.13,39.05,27.21
Neon,2019-02-08,thriller,110,EUA-TX,18.57,8.28,28.29,18.3
Chronicles,2022-12-15,fantasy,119,EUA-IL,35.83,18.15,27.9,20.57
Frontier 4,2021-10-07,western,121,EUA-MA,12.5,3.39,13.78,5.63
Paws,2017-10-19,animation,91,EUA-IL,18.64,6.86,18.61,9.49
Rift,2020-05-28,sci-fi,133,EUA-TX,48.89,14.92,54.67,28.66
Harmony,2019-01-09,romance,121,França-IDF,6.56,1.76,8.78,4.65
Shadow,2016-09-09,thriller,117,França-ARA,10.63,4.2,27.9,11.65
Harmony,2019-03-22,romance,107,EUA-TX,6.11,2.7,5.31,1.93
MegaPik Aurora,2023-11-10,fantasy,147,Brasil,18.79,4.34,27.73,17.12
Rush,2017-06-15,action,115,EUA-PA,53.3,25.75,50.52,39.73
Frontier: Origins,2020-11-05,western,123,EUA-CA,8.41,3.27,10.52,6.04
Chronicles,2020-11-20,fantasy,154,EUA-MA,29.4,12.65,41.05,26.36
Voyage,2019-01-18,adventure,107,EUA-IL,14.85,4.95,41.45,13.21
Chronicles,2023-10-06,fantasy,116,Canadá-AB,22.67,8.71,25.03,10.76
Haunt,2023-08-25,horror,95,EUA-WA,8.72,4.2,8.28,4.93
Storm 2: Horizons,2015-06-27,action,113,EUA-CA,100.29,30.72,72.85,53.67
MegaPik Storm: Uprising,2019-01-07,action,140,Brasil-GO,11.46,4.24,24.76,7.99
Neon,2014-08-14,thriller,95,EUA-PA,19.02,6.44,18.34,6.02
Rift,2022-07-23,sci-fi,108,EUA-TX,62.13,18.34,51.19,51.87
Chronicles: Eclipse,2012-11-16,fantasy,154,EUA-PA,25.65,8.28,57.38,13.31
Embers,2023-04-20,drama,90,EUA-MA,8.59,3.48,9.19,4.23
Odyssey: Origins,2016-01-03,adventure,110,Japão-Aichi,15.57,4.73,31.87,12.14
Shadow,2020-07-16,thriller,112,EUA-NY,36.81,9.41,33.43,21.12
Aurora 4,2016-10-20,fantasy,136,Japão-Tóquio,9.77,2.44,6.28,1.8
Paws,2021-10-14,animation,112,EUA-IL,19.63,6.3,19.28,12.82
Shadow,2021-11-12,thriller,112,Austrália-VIC,9.05,3.45,7.63,3.84
Harmony 3: Uprising,2011-06-25,romance,107,Brasil-DF,18.06,3.96,15.7,6.55
Aurora,2014-12-25,fantasy,148,Reino Unido-ENG,20.89,6.82,17.78,11.67
Embers 2: Legacy,2011-05-08,drama,122,Brasil-DF,11.39,3.12,7.81,2.8
Eclipse,2015-02-13,sci-fi,152,Espanha-VAL,23.34,9.53,32.3,21.33
MegaPik Embers 2,2020-06-18,drama,122,Brasil-SC,16.65,5.06,23.07,6.58
Mirage,2016-12-02,thriller,115,Índia-MH,15.39,5.0,25.93,8.88
Whisper: Horizons,2012-10-25,drama,110,EUA,9.29,3.06,7.92,3.19
Aurora,2023-03-17,fantasy,129,EUA,19.71,4.87,35.23,10.39
Aurora,2024-07-26,fantasy,112,EUA-MA,14.05,3.89,27.47,12.79
Pulse,2015-02-24,action,106,Índia-MH,33.45,10.28,56.34,37.6
Rush,2015-01-08,action,138,Espanha-MAD,32.03,5.77,46.12,44.65
Neon: Origins,2010-03-12,thriller,106,EUA-PA,20.52,7.17,20.56,10.26
Shadow,2020-09-03,thriller,81,Japão-Osaka,20.8,5.48,26.39,13.58
MegaPik Embers: Afterlight,2017-08-13,drama,97,Canadá-QC,10.55,3.42,8.98,2.84
Aurora: Revenant,2021-08-26,fantasy,134,Brasil-SP,40.92,14.24,61.22,27.18
Eclipse: Origins,2014-01-08,sci-fi,132,EUA-GA,23.35,7.24,52.05,26.17
Echo 5,2010-07-15,drama,105,Nigéria-Lagos,12.14,4.11,10.95,2.23
Chronicles 3,2012-03-02,fantasy,153,Brasil-RS,15.75,5.52,19.31,8.67
Whisper: Legacy,2022-10-21,drama,104,EUA-IL,6.15,2.13,9.16,1.35
MegaPik Odyssey,2020-02-07,adventure,118,Índia-KA,17.92,6.75,21.19,9.75
Embers: Reckoning,2016-02-26,drama,127,Brasil,8.95,2.01,6.58,2.77
Shadow,2012-03-15,thriller,100,Canadá-MB,12.64,4.64,19.94,8.81
Mirage 2,2023-04-04,thriller,118,EUA-LA,8.5,3.4,17.05,7.52
Eclipse,2020-09-24,sci-fi,125,Reino Unido-WLS,48.85,18.06,57.87,45.03
Eclipse: Afterlight,2017-07-07,sci-fi,120,Índia-DL,26.28,9.27,18.85,14.99
Odyssey,2012-06-24,adventure,136,Reino Unido-ENG,14.87,3.58,22.52,11.92
Pulse,2019-01-11,action,114,Reino Unido-SCT,23.12,11.88,39.57,26.03
Neon,2021-03-25,thriller,94,Índia-KA,21.49,8.95,23.6,13.99
Chronicles,2022-06-23,fantasy,117,Japão-Osaka,34.63,7.35,50.51,35.44
Neon: Afterlight,2020-04-09,thriller,110,EUA-NM,21.62,9.86,34.18,15.66
Frontier: Origins,2019-02-05,western,121,EUA-NY,8.49,2.22,7.93,3.79
Pulse,2018-09-28,action,133,Brasil-SC,85.36,37.61,155.3,114.01
Paws 2,2019-04-27,animation,85,EUA-GA,13.4,3.3,14.21,5.33
Mirage,2020-02-27,thriller,133,EUA-NY,17.15,6.08,21.55,5.38
Rush 3,2022-05-20,action,119,EUA-PA,55.99,24.47,46.98,35.53
Voyage,2021-10-07,adventure,112,EUA-GA,24.43,4.4,47.95,15.51
Eclipse,2019-10-25,sci-fi,122,Japão-Kanagawa,111.62,32.11,188.46,151.82
Echo,2019-08-22,drama,81,Reino Unido,9.84,2.41,11.43,3.0
Harmony,2023-10-26,romance,124,EUA,11.26,4.24,14.86,6.96
Rift 6,2019-10-17,sci-fi,128,EUA-IL,25.69,6.98,33.61,18.39
Harmony,2021-02-12,romance,98,Reino Unido-NIR,16.02,4.29,26.67,7.86
MegaPik Mirage: Uprising,2018-12-02,thriller,119,EUA-NY,13.25,5.3,18.96,6.23
MegaPik Frontier: Reckoning,2022-05-27,western,106,EUA-LA,23.97,8.72,15.76,8.52
Chronicles 3,2021-11-05,fantasy,108,EUA-NM,40.18,15.33,39.44,21.33
Voyage,2021-05-14,adventure,133,França-NAQ,32.02,9.15,50.23,35.68
Pulse: Origins,2021-09-07,action,112,Japão-Osaka,29.0,11.09,39.99,31.26
Chronicles: Uprising,2020-11-10,fantasy,139,Brasil-PB,31.85,10.57,55.96,14.62
Quantum,2018-02-19,sci-fi,120,EUA-NY,41.75,11.87,52.91,41.51
Neon,2010-10-28,thriller,111,Brasil,19.72,5.86,28.0,13.26
MegaPik Storm 4,2021-08-25,action,133,EUA-GA,23.59,8.12,31.35,17.49
Storm,2015-11-12,action,132,Coreia do Sul-Busan,31.03,14.58,32.86,23.62
Embers: Afterlight,2019-07-16,drama,118,Brasil-MG,2.78,0.63,1.43,0.45
MegaPik Haunt,2017-03-10,horror,89,EUA-LA,12.79,6.01,14.96,5.82
MegaPik Embers: Reckoning,2013-10-11,drama,78,Brasil-CE,7.85,2.55,11.16,2.97
Voyage,2017-08-04,adventure,126,Brasil-GO,17.53,7.3,27.8,14.38
Voyage,2023-01-06,adventure,114,EUA-IL,43.01,13.63,70.89,36.09
Haunt,2020-06-21,horror,92,EUA-TX,19.29,6.81,14.95,9.37
Odyssey 2,2018-10-25,adventure,114,Reino Unido-SCT,19.83,4.47,19.66,10.17
Quantum,2021-12-16,sci-fi,123,Brasil-PE,50.0,14.32,38.59,21.46
Eclipse,2017-08-17,sci-fi,131,Brasil-PE,29.0,11.06,28.69,23.85
Harmony,2021-07-22,romance,108,EUA-NM,11.47,3.53,14.0,3.39
Embers,2012-09-27,drama,134,Índia,6.01,1.84,6.8,1.26
Harmony: Afterlight,2020-01-27,romance,123,EUA-IL,5.66,1.66,14.89,2.25
Mirage 2,2023-10-19,thriller,107,Canadá-QC,29.47,8.23,24.49,17.65
Rift 2,2023-07-04,sci-fi,133,EUA-IL,29.46,13.96,34.91,29.25
Mirage,2024-12-05,thriller,100,Reino Unido-ENG,45.93,10.15,31.38,23.52
Mirage 3,2019-03-08,thriller,96,Brasil-PB,17.6,5.29,35.39,16.58
Pulse: Legacy,2023-09-08,action,128,EUA-MA,33.43,10.43,35.4,32.51
MegaPik Shadow: Horizons,2023-05-18,thriller,111,Brasil-RJ,31.6,14.95,36.7,15.67
Aurora,2022-11-10,fantasy,138,EUA-LA,30.77,11.22,59.0,21.94
Haunt 2,2014-05-01,horror,86,EUA-PA,14.01,4.91,15.85,8.89
Echo,2015-07-25,drama,121,Nigéria-Lagos,7.63,2.58,5.6,0.74
Odyssey 3: Uprising,2019-07-03,adventure,124,EUA-NM,49.44,18.97,55.46,25.07
MegaPik Shadow,2024-05-26,thriller,107,Reino Unido,26.29,9.04,20.67,12.77
Aurora 2,2020-09-19,fantasy,121,Japão-Osaka,33.75,9.81,69.92,31.41
Paws,2020-12-10,animation,112,EUA-WA,37.21,12.13,39.45,28.36
Odyssey,2018-06-14,adventure,128,EUA-WA,34.38,11.8,51.53,35.66
Rush,2022-06-02,action,143,Brasil,94.83,32.45,116.93,57.59
Haunt: Afterlight,2012-06-18,horror,104,EUA-CA,1.19,0.48,0.64,0.33
MegaPik Chronicles 6: Horizons,2016-01-07,fantasy,118,Brasil-PB,16.04,5.43,18.4,9.31
Eclipse: Revenant,2016-06-09,sci-fi,132,Reino Unido-NIR,40.5,12.11,35.42,26.92
MegaPik Eclipse,2018-10-25,sci-fi,125,EUA-NY,26.06,9.54,21.01,13.44
Rift: Eclipse,2018-09-15,sci-fi,132,Japão,67.89,20.33,134.74,80.47
MegaPik Neon,2012-11-01,thriller,111,Brasil-RJ,20.18,7.91,20.34,7.81
Paws,2025-06-20,animation,94,Coreia do Sul-Seoul,33.44,10.99,49.99,20.08
Echo,2025-11-27,drama,128,Reino Unido-NIR,6.16,1.94,7.52,1.85
Rift 2,2021-07-01,sci-fi,149,Brasil-MG,58.6,27.57,58.67,55.95
Eclipse,2018-10-13,sci-fi,133,EUA-NY,30.14,12.64,41.12,30.6
Chronicles,2021-12-16,fantasy,117,EUA-CA,14.42,5.19,22.71,9.06
Embers,2022-01-18,drama,141,Brasil-AM,7.92,2.82,9.77,2.4
Embers,2021-02-11,drama,101,EUA-MA,9.15,2.56,22.45,4.59
Neon: Reckoning,2016-01-28,thriller,113,EUA-TX,9.4,3.62,16.13,7.96
Rush: Afterlight,2019-08-07,action,123,Brasil-AM,43.05,14.08,47.0,27.98
Chronicles: Uprising,2022-04-07,fantasy,155,Reino Unido-NIR,27.62,7.71,40.33,25.9
Paws,2023-05-03,animation,91,EUA-NY,29.54,7.72,45.57,22.39
MegaPik Harmony,2015-01-29,romance,107,Coreia do Sul,10.97,3.32,20.74,8.38
Rush 5,2020-02-20,action,115,EUA-WA,39.42,10.97,38.37,16.38
Odyssey 5,2016-08-05,adventure,120,EUA-MA,36.33,10.88,44.98,33.79
Echo,2016-10-20,drama,117,EUA-LA,6.67,1.49,7.93,0.9
Chronicles,2018-05-20,fantasy,133,EUA-GA,62.78,15.02,95.14,62.53
Neon: Revenant,2019-10-25,thriller,93,Espanha-CAT,11.59,3.73,10.43,4.24
Harmony,2018-02-08,romance,116,Brasil-SC,12.18,4.32,13.81,6.2
Frontier,2022-02-18,western,113,EUA-LA,12.39,2.39,21.01,9.82
Shadow,2017-10-13,thriller,97,EUA-TX,32.15,10.84,36.26,14.77
Harmony,2021-10-26,romance,102,EUA-WA,13.42,2.42,12.65,5.38
Voyage,2012-10-11,adventure,121,Espanha,17.63,4.85,28.45,14.87
Neon 2,2017-07-27,thriller,106,EUA-NY,16.15,5.83,21.56,7.53
Paws 2,2025-06-13,animation,93,Japão-Tóquio,39.68,12.66,41.74,14.1
Voyage: Eclipse,2019-05-09,adventure,114,Brasil-SP,30.76,10.67,22.67,14.73
Chronicles,2010-10-18,fantasy,138,Japão-Kanagawa,19.73,6.37,42.79,10.5
Rush 4,2024-08-16,action,137,EUA-LA,43.45,13.51,36.35,17.92
Mirage,2018-04-19,thriller,112,EUA-CA,13.21,5.33,16.56,7.37
MegaPik Eclipse: Origins,2019-03-15,sci-fi,115,EUA-LA,37.92,15.83,57.29,14.48
Voyage 2,2016-02-25,adventure,132,EUA-CA,13.79,5.25,21.83,7.91
Storm,2013-09-19,action,125,EUA-PA,42.03,15.6,47.44,29.0
Aurora 2,2019-04-18,fantasy,113,Brasil,50.13,11.16,51.09,30.21
Mirage 5,2016-06-23,thriller,80,EUA-NM,34.13,14.8,31.08,13.94
Shadow: Origins,2023-05-01,thriller,90,Brasil-PA,15.41,3.04,18.77,8.21
MegaPik Rift,2018-08-16,sci-fi,146,EUA-NY,35.12,13.69,34.67,17.77
Paws 5,2016-01-12,animation,99,EUA-GA,26.51,6.13,29.33,18.74
Paws,2016-01-21,animation,106,Brasil-PB,18.09,6.64,28.5,16.82
Whisper,2020-06-25,drama,125,EUA,10.83,2.75,20.37,6.02
Odyssey: Afterlight,2012-04-19,adventure,123,EUA-NY,32.03,11.15,39.61,25.71
MegaPik Haunt: Legacy,2015-09-19,horror,101,EUA-CA,9.6,2.6,11.9,6.83
Rush: Uprising,2012-10-05,action,91,EUA-TX,42.12,13.42,63.39,35.9
Storm 3: Legacy,2025-09-11,action,121,EUA-LA,29.45,10.12,35.76,15.52
MegaPik Mirage,2023-09-15,thriller,98,EUA-TX,18.65,6.04,28.42,14.65
Pulse 2,2018-11-22,action,122,Reino Unido-SCT,22.65,8.06,23.38,15.29
MegaPik Paws,2019-07-25,animation,105,EUA-IL,45.48,14.46,45.36,14.39
Paws,2011-07-08,animation,103,Canadá-BC,71.75,28.16,64.32,37.99
Embers,2025-01-10,drama,100,Reino Unido-NIR,5.61,1.29,8.66,2.66
Embers,2017-07-13,drama,100,EUA-TX,13.8,4.43,11.89,3.98
Voyage: Eclipse,2014-11-13,adventure,124,EUA-PA,11.24,3.53,13.85,7.46
Eclipse,2016-03-03,sci-fi,129,Austrália-VIC,32.4,14.23,41.18,26.29
Paws: Uprising,2010-06-11,animation,101,EUA-GA,32.1,12.3,29.61,13.86
Eclipse 2,2023-03-16,sci-fi,127,EUA-LA,45.73,12.46,30.28,20.51
Shadow,2012-11-02,thriller,88,EUA-WA,11.68,4.32,8.14,2.86
Voyage,2014-02-05,adventure,128,Índia-WB,32.91,12.31,63.97,27.25
MegaPik Chronicles,2011-11-24,fantasy,136,EUA,19.57,10.44,21.49,13.77
Neon,2013-07-25,thriller,115,Nigéria-Abuja,23.84,6.93,13.25,6.35
Rush,2019-05-14,action,123,EUA-PA,83.35,33.25,93.54,72.07
Rift,2024-10-17,sci-fi,147,França-IDF,39.77,13.55,49.29,38.08
MegaPik Whisper 2,2025-01-23,drama,136,EUA-IL,6.87,2.6,23.16,3.4
Neon 2: Uprising,2023-08-22,thriller,112,Reino Unido-ENG,13.53,6.59,17.17,7.73
Paws: Eclipse,2021-09-16,animation,83,Brasil-SC,15.67,3.89,22.34,8.71
MegaPik Eclipse,2014-03-13,sci-fi,149,EUA-GA,58.1,23.5,47.08,31.52
MegaPik Neon: Uprising,2020-04-17,thriller,119,EUA-TX,10.75,3.2,14.31,2.35
Aurora,2018-02-19,fantasy,85,Brasil-AM,10.09,2.81,24.21,6.0
Whisper,2020-04-11,drama,153,Canadá-BC,8.52,2.58,10.96,2.88
Shadow,2022-04-21,thriller,80,EUA-NM,12.45,4.33,25.05,8.26
Quantum,2021-03-01,sci-fi,109,Espanha,36.9,9.4,62.72,41.7
MegaPik Whisper,2019-04-26,drama,128,Brasil-GO,15.14,5.27,24.51,6.91
Frontier 2: Horizons,2012-01-02,western,110,EUA-IL,18.06,5.08,22.41,11.33
Eclipse: Origins,2021-05-13,sci-fi,139,Japão-Kanagawa,35.01,13.21,36.39,26.18
Echo 2,2022-02-11,drama,108,EUA-NY,6.57,2.11,12.29,3.41
MegaPik Aurora 2: Horizons,2025-06-24,fantasy,112,Coreia do Sul-Gyeonggi,14.83,5.46,17.96,10.04
MegaPik Rush,2022-02-04,action,101,EUA-TX,21.37,6.8,37.01,14.4
Frontier: Eclipse,2018-05-26,western,129,EUA-WA,20.77,5.04,20.71,11.56
MegaPik Quantum,2020-12-17,sci-fi,105,Brasil-RS,49.94,10.22,29.6,24.11
Storm 2,2020-08-04,action,119,EUA-PA,80.99,31.1,100.64,51.46
Harmony 2,2010-02-12,romance,114,EUA-GA,11.09,4.04,27.69,9.2
Mirage,2020-01-16,thriller,94,EUA-LA,11.84,4.53,21.35,11.79
Storm 3: Reckoning,2016-01-14,action,117,Reino Unido-WLS,13.58,6.65,17.97,7.79
Quantum 2,2011-09-29,sci-fi,127,EUA-PA,36.97,13.58,46.13,25.67
Shadow,2017-11-16,thriller,112,EUA-TX,20.54,5.64,17.37,8.95
Storm: Afterlight,2010-12-15,action,131,Japão-Kanagawa,19.44,6.23,28.03,16.78
Haunt,2018-01-23,horror,100,EUA-IL,6.29,2.27,9.33,1.74
Whisper,2018-11-16,drama,110,EUA-IL,9.26,1.82,8.27,2.56
Voyage,2021-05-27,adventure,124,Brasil-AM,30.31,9.15,45.58,22.7
Storm 6,2023-03-03,action,121,Brasil-MG,87.24,42.74,70.35,57.27
Shadow,2017-03-03,thriller,112,França-NAQ,11.0,3.61,11.81,5.67
Mirage: Origins,2025-09-02,thriller,94,EUA-WA,10.59,4.27,13.79,5.3
Odyssey,2014-03-09,adventure,139,Brasil-AM,11.13,4.27,12.79,5.05
Frontier 2,2015-06-05,western,104,EUA-TX,12.7,3.71,9.63,3.2
Voyage 5,2018-04-05,adventure,130,EUA-LA,51.74,10.18,61.7,40.57
Frontier,2013-03-17,western,133,EUA-GA,13.68,4.31,16.77,5.45
Rift,2022-11-24,sci-fi,120,EUA-CA,40.8,12.83,35.91,25.16
Whisper 5,2022-06-10,drama,112,EUA-LA,2.95,0.86,1.73,0.36
Mirage,2021-07-09,thriller,105,EUA-NM,33.45,15.36,28.87,15.92
Rift,2022-09-18,sci-fi,143,EUA-GA,28.55,7.25,44.39,28.67
Chronicles,2016-12-15,fantasy,114,EUA-CA,42.92,16.97,33.7,21.94
Aurora,2020-12-04,fantasy,123,EUA-NM,166.26,60.08,111.5,94.28
Quantum,2020-11-20,sci-fi,127,Índia,32.06,13.83,33.63,25.34
Rush 3: Revenant,2018-10-07,action,108,EUA-LA,20.39,7.92,17.42,10.95
Mirage: Revenant,2023-06-30,thriller,111,Canadá,20.52,7.59,11.95,5.05
Voyage,2022-10-20,adventure,114,EUA-CA,40.33,13.7,70.29,45.11
Storm 4: Horizons,2018-02-19,action,140,EUA-TX,75.19,23.1,110.87,64.82
Storm,2018-06-14,action,99,EUA-NM,73.05,27.91,57.58,30.2
MegaPik Voyage,2022-07-01,adventure,118,Brasil,18.77,5.74,37.18,12.73
Echo: Revenant,2018-09-13,drama,102,Brasil,8.78,2.42,17.81,5.34
Frontier,2018-05-18,western,112,Brasil-PR,22.76,7.1,22.28,11.18
Paws,2022-06-24,animation,99,EUA-TX,22.74,6.28,19.41,7.82
Neon: Reckoning,2020-10-16,thriller,116,EUA-CA,19.95,8.52,25.52,6.69
Echo 5: Legacy,2021-09-16,drama,118,Japão-Aichi,7.81,2.68,10.47,2.58
Echo,2022-06-17,drama,111,EUA,8.27,2.33,12.54,2.71
Haunt,2014-12-17,horror,103,EUA-GA,14.5,4.87,14.75,3.8
Whisper: Eclipse,2017-03-02,drama,115,Brasil-AM,16.07,4.58,12.73,4.51
Chronicles,2023-08-11,fantasy,122,EUA-NM,15.46,6.68,22.49,9.09
Chronicles 3: Uprising,2015-01-08,fantasy,111,EUA-NY,34.68,9.38,61.47,40.92
Haunt: Afterlight,2023-08-06,horror,97,Reino Unido-WLS,14.04,5.33,25.37,12.4
Whisper 3,2013-11-14,drama,100,Austrália-WA,11.05,3.11,12.62,5.21
MegaPik Odyssey 3,2023-11-02,adventure,132,França-ARA,38.65,15.83,22.34,17.84
Echo,2011-03-24,drama,113,Brasil-AM,8.86,3.32,17.07,5.78
Quantum,2020-01-09,sci-fi,126,EUA-MA,20.1,8.5,16.28,10.32
Chronicles,2017-02-16,fantasy,148,Índia-WB,44.62,15.61,110.93,72.35
Pulse,2018-11-23,action,132,Brasil-AM,30.57,10.3,37.85,21.32
Haunt 3,2023-07-25,horror,97,EUA-NY,11.47,2.79,7.94,3.31
Aurora: Eclipse,2012-07-20,fantasy,114,Brasil,10.09,4.2,5.89,3.06
Eclipse: Revenant,2018-07-06,sci-fi,117,EUA-GA,67.99,22.9,86.43,52.76
Quantum,2016-10-11,sci-fi,139,Coreia do Sul-Gyeonggi,22.77,6.04,23.7,12.75
Mirage: Horizons,2023-07-06,thriller,108,Brasil-DF,22.97,8.09,25.68,13.27
Quantum,2023-02-01,sci-fi,127,EUA-PA,101.92,30.28,124.93,68.61
MegaPik Odyssey,2019-01-19,adventure,127,EUA-LA,15.2,6.26,24.99,8.0
Haunt 2,2010-11-18,horror,89,EUA-CA,12.84,6.23,13.28,5.17
Embers,2024-06-21,drama,114,EUA-WA,8.34,3.22,12.79,2.98
MegaPik Harmony,2016-10-27,romance,90,EUA-TX,15.4,4.42,11.2,6.11
Pulse,2022-10-27,action,112,EUA-MA,62.76,25.08,61.57,50.24
Embers 4,2025-05-10,drama,106,EUA-CA,16.07,4.23,14.92,6.93
Rift,2024-05-10,sci-fi,128,Brasil-PA,79.03,32.87,72.34,68.69
Embers: Origins,2023-10-20,drama,92,EUA-GA,10.17,2.66,14.86,5.24
MegaPik Storm,2019-07-05,action,107,EUA-TX,31.96,8.81,47.26,18.67
MegaPik Shadow 3: Eclipse,2014-06-27,thriller,100,EUA-LA,11.48,4.19,5.83,3.19
Mirage,2020-07-24,thriller,117,EUA-PA,18.28,8.11,11.15,4.55
Eclipse,2023-02-02,sci-fi,109,EUA,36.1,12.07,57.55,35.34
MegaPik Odyssey: Horizons,2014-03-27,adventure,111,França-ARA,16.26,3.21,31.47,18.28
Chronicles,2019-06-04,fantasy,140,Alemanha-BY,21.14,6.72,41.99,19.46
Mirage,2022-03-04,thriller,102,Canadá-ON,12.34,4.62,16.47,8.67
MegaPik Embers,2022-04-09,drama,107,Canadá-ON,17.03,4.35,23.23,9.76
MegaPik Harmony,2022-09-18,romance,133,Brasil,5.04,1.65,10.31,2.74
Aurora,2013-01-10,fantasy,116,França-ARA,27.1,9.71,31.1,16.79
Aurora,2018-05-11,fantasy,118,EUA-IL,14.76,4.17,13.96,7.43
Echo 2,2010-12-09,drama,134,EUA-MA,9.17,3.37,9.5,2.79
Shadow: Horizons,2022-10-13,thriller,109,EUA-TX,28.78,12.0,29.23,18.09
Rift: Revenant,2024-10-17,sci-fi,98,EUA,17.13,6.81,46.53,29.78
Storm 3,2021-07-23,action,115,Brasil-DF,37.83,13.36,26.96,18.65
Eclipse,2021-09-17,sci-fi,103,Alemanha-BW,28.9,9.32,39.62,19.8
Frontier 2: Origins,2018-10-13,western,131,EUA-NY,14.86,5.87,15.1,8.5
Voyage,2021-10-28,adventure,138,Brasil-CE,34.55,12.73,62.12,38.25
Rift: Origins,2021-11-19,sci-fi,138,EUA-IL,43.86,10.62,57.41,39.02
Shadow,2017-10-13,thriller,122,EUA-NM,20.43,6.87,29.35,20.88
Neon: Uprising,2024-12-10,thriller,92,Brasil-BA,25.56,10.46,26.85,12.56
Rift 2,2012-08-27,sci-fi,122,Brasil,41.19,10.09,48.26,36.98
Embers: Reckoning,2014-10-31,drama,112,EUA-NY,9.62,3.49,12.41,6.03
Odyssey: Afterlight,2015-03-13,adventure,116,França-NAQ,31.63,10.89,79.08,36.06
Whisper,2014-10-17,drama,134,Nigéria-Kano,8.54,2.83,10.81,2.42
Aurora,2015-12-27,fantasy,110,EUA-WA,18.65,5.45,22.07,8.4
MegaPik Aurora: Eclipse,2022-04-01,fantasy,122,EUA-MA,45.43,16.47,76.23,50.06
Quantum,2013-11-15,sci-fi,112,Brasil-RS,18.48,8.94,25.33,9.38
Rift,2016-08-19,sci-fi,134,EUA-CA,92.51,27.09,163.28,111.47
Paws,2016-02-13,animation,111,EUA-MA,34.49,13.18,23.06,16.49
Eclipse: Eclipse,2019-10-17,sci-fi,105,EUA-NY,63.79,28.96,63.4,50.72
Frontier,2016-07-07,western,121,EUA-NM,12.58,3.48,19.59,7.14
Storm,2023-01-03,action,116,Canadá-BC,34.39,12.23,49.48,32.45
Quantum,2025-11-14,sci-fi,119,EUA-PA,38.96,14.3,89.7,30.98
Odyssey,2012-04-24,adventure,121,Brasil-PR,15.0,4.61,13.0,7.32
Odyssey,2020-06-25,adventure,128,Canadá,35.17,8.8,38.69,32.63
Quantum,2018-09-10,sci-fi,88,EUA-IL,30.63,9.37,49.29,38.4
Paws 2,2015-02-06,animation,105,Brasil-SP,19.78,5.3,18.69,12.58
Paws 3,2021-03-11,animation,105,Brasil-PA,62.72,21.18,68.67,22.76
Haunt,2021-03-18,horror,100,EUA-LA,13.26,4.71,19.51,12.55
Paws 3,2023-06-16,animation,91,Brasil-SC,35.82,11.61,40.92,29.9
Odyssey,2012-06-28,adventure,125,Reino Unido-ENG,36.83,11.41,51.53,26.18
Haunt,2014-08-21,horror,103,Brasil-GO,2.64,0.75,0.85,0.47
Quantum,2019-01-17,sci-fi,130,EUA-IL,43.97,14.35,117.4,66.8
Odyssey: Origins,2024-06-12,adventure,146,Reino Unido-SCT,33.7,12.13,49.6,39.0
Embers,2022-07-07,drama,96,Canadá-QC,17.19,5.18,18.23,5.83
Echo,2017-09-07,drama,132,EUA-LA,5.48,1.46,3.66,1.01
Echo,2020-10-22,drama,134,França,17.31,3.29,22.68,7.68
Neon,2018-05-17,thriller,94,EUA-MA,17.92,8.89,23.7,11.63
Shadow,2024-11-28,thriller,102,Brasil,13.28,4.44,12.83,6.3
Haunt 3,2015-09-25,horror,106,EUA-TX,17.55,5.57,20.83,7.18
Haunt 3,2019-02-02,horror,93,EUA,26.56,11.77,35.32,25.79
Embers 3,2021-04-04,drama,119,Brasil-PA,13.4,4.16,28.88,7.89
Storm 4,2021-01-15,action,132,Canadá-ON,118.69,46.0,93.95,83.29
MegaPik Rush: Reckoning,2019-04-12,action,115,EUA-NY,39.6,13.73,40.72,29.39
Odyssey,2019-03-22,adventure,128,Brasil-GO,14.38,3.89,36.21,14.02
Chronicles,2023-04-06,fantasy,137,Brasil-SP,12.8,2.74,24.72,9.35
Eclipse: Revenant,2016-11-24,sci-fi,130,Espanha-VAL,41.48,12.67,45.6,36.0
Shadow: Afterlight,2022-03-24,thriller,113,Brasil-PR,13.71,3.47,18.63,6.26
Chronicles: Reckoning,2021-05-13,fantasy,130,Reino Unido-SCT,13.57,3.52,17.02,10.59
Haunt: Afterlight,2023-04-13,horror,96,EUA-LA,8.53,2.52,10.52,4.24
Odyssey,2020-03-13,adventure,99,Brasil-SP,18.86,6.97,16.22,10.27
Mirage: Legacy,2023-04-20,thriller,100,Nigéria-Lagos,14.64,5.39,15.31,4.74
MegaPik Storm,2020-04-23,action,139,Espanha-MAD,36.15,11.64,56.05,27.58
Neon,2021-09-02,thriller,109,EUA-MA,19.55,7.78,20.47,11.39
Embers,2019-10-25,drama,97,Brasil-GO,13.28,3.99,23.62,7.16
MegaPik Eclipse,2019-10-01,sci-fi,144,EUA-NY,20.94,6.16,23.87,14.63
Whisper,2020-05-28,drama,120,Canadá-ON,9.94,2.98,15.58,3.97
MegaPik Shadow: Legacy,2014-02-10,thriller,117,Brasil-PB,6.73,1.97,11.24,2.42
Chronicles 3,2016-03-26,fantasy,174,Alemanha-BW,28.96,10.8,38.77,17.02
Frontier 4,2013-05-21,western,111,EUA-WA,16.61,5.51,15.24,7.45
MegaPik Voyage,2012-04-17,adventure,130,Índia-KA,16.53,5.4,44.58,16.8
Frontier,2024-05-16,western,112,EUA-WA,21.25,6.05,87.42,33.02
Chronicles,2021-12-09,fantasy,138,Índia-MH,39.32,13.58,69.08,27.19
MegaPik Chronicles,2013-03-15,fantasy,116,EUA,15.79,3.74,23.67,3.73
Odyssey: Reckoning,2019-07-03,adventure,120,EUA-IL,35.09,11.72,42.37,18.35
MegaPik Mirage,2016-07-13,thriller,121,EUA-NM,14.07,5.09,13.78,5.67
Aurora 2,2023-07-07,fantasy,129,Japão-Osaka,49.3,17.13,75.48,41.75
Whisper 3,2018-07-10,drama,114,Brasil-BA,10.74,1.93,15.49,6.25
MegaPik Pulse,2025-06-12,action,137,EUA-MA,49.09,15.6,39.81,32.65
Haunt,2019-09-26,horror,89,Brasil-PA,9.67,3.06,15.63,5.74
MegaPik Haunt 2,2013-04-18,horror,107,EUA-WA,10.55,2.88,5.43,3.26
Voyage,2023-04-06,adventure,131,EUA,42.29,13.57,61.7,39.97
Paws: Reckoning,2021-06-11,animation,105,EUA-NY,40.35,15.64,39.76,21.06
Harmony: Revenant,2025-10-15,romance,93,México-CDMX,7.37,2.51,12.86,4.24
Harmony,2023-10-03,romance,106,Nigéria-Kano,15.2,4.38,15.92,7.9
Shadow,2023-06-19,thriller,137,EUA-LA,23.54,8.27,25.15,12.35
Echo,2017-05-12,drama,117,Brasil-PA,7.27,2.04,14.81,2.39
Pulse 2: Uprising,2011-12-09,action,123,EUA-PA,103.37,39.48,70.08,70.23
Rift,2014-02-27,sci-fi,125,EUA-PA,28.76,7.0,46.46,36.93
Chronicles: Eclipse,2021-05-14,fantasy,107,EUA-IL,18.48,5.16,18.2,5.82
Eclipse,2023-03-03,sci-fi,137,Reino Unido-SCT,28.94,10.25,56.8,26.08
Harmony,2024-04-12,romance,120,EUA,14.35,5.85,21.55,10.12
Frontier,2019-10-10,western,112,EUA-NM,27.44,10.78,33.76,17.25
Haunt 4,2019-12-13,horror,90,EUA-TX,27.17,11.98,26.59,8.45
Chronicles: Reckoning,2011-11-04,fantasy,114,Brasil-SP,24.47,10.93,60.11,35.98
Shadow 3,2020-07-23,thriller,94,Reino Unido,23.39,9.81,27.87,13.37
Pulse,2025-10-16,action,111,EUA-GA,117.77,46.05,94.4,70.57
Voyage,2020-03-06,adventure,116,EUA-NY,14.59,4.57,35.31,16.78
Haunt: Legacy,2025-05-22,horror,107,EUA-LA,12.0,7.2,23.38,3.93
Embers,2021-12-30,drama,111,EUA-PA,14.79,4.41,20.99,8.5
Pulse 3,2016-05-27,action,122,EUA-CA,106.5,32.48,84.9,85.0
Paws,2019-11-14,animation,107,Brasil-BA,28.05,10.64,18.46,7.76
Rush 3: Reckoning,2024-10-02,action,105,EUA-TX,68.18,25.21,84.19,64.03
Whisper 2: Reckoning,2023-04-21,drama,97,Reino Unido-SCT,2.69,0.76,1.3,0.28
Harmony,2021-04-13,romance,110,França-OCC,15.81,6.16,26.95,8.05
Voyage,2013-01-17,adventure,131,EUA-NY,15.8,4.31,25.28,10.91
Rift,2017-12-29,sci-fi,130,EUA-IL,83.38,20.32,47.46,36.67
Paws,2023-07-21,animation,115,Japão-Osaka,38.92,16.1,64.37,25.43
Pulse: Origins,2016-09-10,action,98,EUA-IL,49.12,13.56,69.83,43.33
Haunt,2025-05-26,horror,116,EUA-MA,19.91,9.74,38.83,15.96
Shadow,2022-06-13,thriller,127,México-JAL,14.97,5.53,19.29,7.75
Aurora,2020-06-12,fantasy,142,Brasil-BA,12.53,2.98,14.8,6.9
Haunt: Eclipse,2012-08-28,horror,121,EUA-PA,12.24,4.55,8.25,2.62
Frontier 3,2022-05-18,western,113,México-JAL,15.32,5.84,14.08,6.83
Paws,2017-03-03,animation,115,EUA-CA,23.36,8.95,47.45,17.65
Embers,2023-04-11,drama,132,EUA-WA,22.01,6.04,27.02,11.22
Chronicles: Horizons,2020-06-18,fantasy,157,Brasil,50.17,23.09,61.45,36.16
Aurora 2: Origins,2021-06-11,fantasy,131,Brasil-PB,18.42,5.35,19.07,16.92
MegaPik Pulse,2012-01-14,action,133,EUA-GA,12.74,4.6,22.9,9.2
Rush,2022-04-01,action,139,EUA-LA,40.24,11.94,51.29,33.36
MegaPik Voyage,2017-10-17,adventure,146,EUA-WA,24.95,7.04,33.29,17.37
MegaPik Odyssey 2,2022-07-22,adventure,112,Brasil-PA,49.31,12.25,42.5,36.21
Haunt,2017-05-25,horror,101,Canadá-AB,7.39,1.57,10.12,1.01
Harmony 2,2014-09-25,romance,94,Brasil-PB,10.17,3.36,10.82,3.18
Rush 2,2016-07-28,action,128,Brasil-RS,55.28,19.13,60.37,32.94
Odyssey,2015-05-14,adventure,116,EUA-PA,20.95,5.69,26.74,19.84
Quantum: Afterlight,2024-07-26,sci-fi,139,EUA-NY,39.14,13.15,27.82,22.56
Frontier: Afterlight,2021-12-24,western,129,Reino Unido-ENG,26.88,10.14,24.5,10.74
MegaPik Voyage,2013-03-07,adventure,108,EUA,36.57,17.7,63.76,36.99
Odyssey 2: Eclipse,2018-08-10,adventure,135,Canadá-QC,40.47,11.76,48.51,24.65
Whisper,2019-04-25,drama,115,Canadá-BC,10.56,3.26,17.57,9.23
Mirage: Legacy,2015-04-23,thriller,122,EUA-NM,20.32,6.54,21.89,12.9
MegaPik Whisper 2,2019-05-03,drama,120,EUA-NY,18.13,7.85,40.1,10.05
Storm,2021-05-21,action,120,Coreia do Sul-Seoul,18.38,7.3,23.61,14.42
MegaPik Rift,2018-02-26,sci-fi,113,México-CDMX,69.4,26.72,85.46,76.74
Storm,2013-02-28,action,140,EUA-NM,40.85,16.88,34.47,31.16
Eclipse,2018-07-15,sci-fi,125,EUA-MA,25.38,11.92,25.72,16.17
Eclipse,2019-08-16,sci-fi,163,EUA-NY,36.94,12.31,41.68,24.57
Neon 4: Horizons,2015-10-16,thriller,111,EUA-IL,23.11,9.26,14.83,9.35
Storm,2023-05-07,action,137,EUA-NY,20.43,7.5,30.63,21.29
Echo,2017-11-09,drama,112,EUA-WA,11.94,3.83,11.5,3.83
Echo 4,2016-04-07,drama,148,EUA-TX,10.81,3.5,9.17,2.92
Embers 2,2021-08-13,drama,118,EUA-WA,21.36,8.28,42.57,12.24
MegaPik Pulse,2023-01-11,action,105,EUA-TX,45.99,16.27,34.9,25.74
Neon,2019-08-22,thriller,106,EUA-NY,10.58,3.61,13.42,4.66
Harmony,2021-02-26,romance,85,Espanha-MAD,11.09,3.63,21.29,6.24
Chronicles: Uprising,2020-03-20,fantasy,112,EUA-TX,17.3,7.4,24.33,11.04
Rift: Reckoning,2023-02-21,sci-fi,121,EUA,54.1,15.2,88.84,53.23
Eclipse,2010-07-29,sci-fi,133,França-NAQ,42.2,18.72,40.67,28.82
Quantum,2019-08-23,sci-fi,102,EUA-PA,35.08,9.56,32.6,19.42
Harmony,2015-03-19,romance,105,Canadá-AB,10.78,3.89,12.6,4.08
Rush,2024-01-09,action,121,Brasil-DF,64.14,19.19,62.63,63.59
MegaPik Neon,2022-09-21,thriller,105,Índia,27.52,6.12,43.86,17.07
Storm: Eclipse,2022-09-09,action,116,EUA,20.87,6.31,39.36,30.49
Odyssey,2015-04-02,adventure,113,EUA-PA,8.2,3.04,14.13,5.14
Paws: Revenant,2018-10-11,animation,97,EUA,16.7,3.01,18.01,7.75
Storm 2,2023-09-08,action,118,Brasil-CE,20.74,7.36,37.38,31.28
Odyssey,2022-05-18,adventure,133,EUA-NM,67.52,19.18,39.3,30.76
Aurora,2023-07-20,fantasy,116,EUA-MA,28.49,6.92,28.02,17.01
Eclipse: Origins,2011-12-16,sci-fi,139,Brasil-SP,25.79,9.71,22.14,14.71
MegaPik Rush,2016-10-28,action,119,Alemanha-NRW,22.76,7.66,43.65,24.81
Frontier,2025-05-15,western,122,EUA-NM,15.19,4.64,30.34,16.23
Mirage,2016-09-02,thriller,105,Brasil-PR,14.69,6.63,17.59,10.68
Whisper,2013-08-27,drama,119,EUA-GA,18.51,6.09,18.62,6.1
MegaPik Whisper: Revenant,2017-10-13,drama,95,EUA-NY,9.49,2.95,14.34,4.92
Eclipse,2019-01-24,sci-fi,107,EUA-PA,22.55,6.45,53.35,33.31
Chronicles: Afterlight,2023-05-18,fantasy,127,Brasil-DF,24.6,10.87,35.08,17.62
MegaPik Haunt,2014-02-21,horror,101,EUA-TX,13.18,4.32,10.81,8.59
Echo 3,2020-11-20,drama,130,Brasil-CE,9.22,2.66,13.77,3.9
Odyssey: Origins,2020-05-16,adventure,112,EUA,90.28,19.47,73.76,45.4
Chronicles: Horizons,2023-07-06,fantasy,149,EUA-CA,16.82,4.27,20.63,8.01
Quantum 4,2020-09-25,sci-fi,136,EUA-MA,16.86,6.16,19.62,17.54
Echo 2: Eclipse,2021-10-12,drama,114,EUA-CA,12.16,4.02,11.1,3.14
MegaPik Frontier: Revenant,2018-05-23,western,116,México-MEX,9.09,3.03,7.71,4.13
Pulse: Origins,2017-11-09,action,110,EUA-MA,38.82,13.11,42.58,24.69
Neon 2,2018-12-07,thriller,113,EUA-NY,39.93,12.42,21.59,9.51
Embers: Horizons,2020-02-28,drama,128,EUA-GA,3.59,1.04,1.95,0.45
Aurora,2019-08-15,fantasy,130,EUA-NY,13.29,3.72,19.8,10.12
Odyssey,2014-07-12,adventure,119,Nigéria-Lagos,42.15,10.45,26.31,20.87
Paws 2,2017-06-12,animation,98,Coreia do Sul-Busan,55.69,17.23,60.57,26.37
Odyssey: Origins,2016-05-27,adventure,114,EUA-NY,26.36,8.85,35.27,16.57
Haunt 3,2012-05-17,horror,99,Índia-UP,1.51,0.82,0.67,0.31
Aurora,2016-08-23,fantasy,94,EUA-GA,27.35,9.83,27.95,20.56
Paws 3,2016-10-28,animation,95,Espanha-AND,37.37,9.94,29.68,21.7
Neon,2015-01-09,thriller,111,Índia-TN,13.47,4.68,31.15,13.78
Whisper,2021-06-03,drama,130,EUA-CA,11.58,5.52,7.47,2.35
Eclipse,2021-06-17,sci-fi,125,EUA-MA,28.3,6.18,34.43,20.81
Eclipse: Horizons,2020-05-29,sci-fi,128,EUA-NM,33.65,9.67,30.1,18.24
Paws: Horizons,2019-07-12,animation,106,Brasil-PB,56.26,15.28,63.23,35.33
MegaPik Neon,2018-08-30,thriller,114,Espanha,16.59,7.11,13.36,6.54
Quantum,2014-05-15,sci-fi,103,México-JAL,14.26,4.9,33.0,11.37
Frontier,2022-06-02,western,114,Brasil-GO,17.31,5.88,20.44,11.33
Pulse,2019-05-16,action,116,México,18.34,5.39,20.37,12.69
Haunt,2019-04-04,horror,94,Alemanha-NRW,25.58,9.16,28.38,16.69
Echo,2018-02-01,drama,110,Canadá-MB,8.43,2.19,17.5,3.95
Eclipse,2012-10-14,sci-fi,97,EUA-GA,18.79,5.3,29.61,24.09
MegaPik Shadow,2020-10-09,thriller,118,Nigéria-Kano,60.45,24.45,49.97,31.16
Echo,2017-07-21,drama,132,Coreia do Sul-Gyeonggi,6.27,1.65,12.9,2.37
Rift,2024-09-13,sci-fi,131,Reino Unido-SCT,31.66,9.41,55.03,43.89
MegaPik Haunt,2013-03-01,horror,102,Índia-DL,3.07,1.77,1.4,0.8
Pulse 2,2022-09-08,action,100,EUA-LA,23.38,9.12,23.11,20.86
Chronicles,2021-01-22,fantasy,133,Coreia do Sul-Busan,60.48,20.35,89.59,57.91
Eclipse,2016-09-22,sci-fi,121,Brasil,70.38,15.58,104.24,66.37
Voyage: Reckoning,2019-08-12,adventure,117,EUA-NY,37.93,11.97,80.67,45.51
Storm,2013-10-18,action,118,Coreia do Sul-Busan,12.99,3.13,28.72,4.73
Haunt 2,2023-03-02,horror,90,México-JAL,7.56,3.12,15.11,3.89
Mirage 2,2016-10-21,thriller,109,Brasil-CE,20.45,6.47,9.79,4.26
Rift,2017-05-05,sci-fi,125,Índia-WB,18.18,4.83,30.31,22.74
Quantum 5,2023-02-03,sci-fi,121,EUA-WA,49.43,21.59,67.38,60.64
Chronicles,2020-02-13,fantasy,136,EUA-IL,22.69,6.64,33.6,16.16
MegaPik Voyage 2: Horizons,2015-12-05,adventure,107,Brasil-DF,26.25,5.5,17.23,10.22
Embers 2: Reckoning,2020-08-27,drama,132,EUA-GA,12.93,3.55,25.79,7.44
Haunt: Reckoning,2023-09-29,horror,91,México-MEX,11.24,4.62,23.4,8.96
Neon,2021-07-08,thriller,106,México-JAL,20.52,6.06,13.82,2.88
Voyage 2,2019-07-26,adventure,122,França-IDF,36.27,11.63,36.16,23.55
Haunt,2018-08-23,horror,96,Canadá-QC,8.44,4.62,17.33,8.54
Chronicles,2024-10-06,fantasy,129,EUA-PA,22.9,6.86,32.82,23.14
Neon 3,2010-12-31,thriller,108,EUA-NY,16.06,4.42,17.0,9.71
Aurora,2025-09-13,fantasy,107,EUA-IL,19.16,6.3,32.57,17.7
MegaPik Aurora,2016-12-08,fantasy,142,Canadá-MB,62.6,16.3,76.5,48.32
Harmony: Revenant,2025-05-09,romance,94,EUA-IL,20.81,5.94,41.95,21.03
Storm,2016-02-11,action,102,Brasil-MG,23.66,9.56,41.71,29.52
Frontier,2019-10-05,western,119,EUA-MA,8.5,2.75,14.17,2.28
Rush: Origins,2015-12-17,action,123,EUA-NY,50.73,20.61,44.12,28.29
Echo,2022-05-19,drama,117,Reino Unido-NIR,5.6,2.07,7.99,3.08
MegaPik Frontier 3: Uprising,2021-04-23,western,101,Brasil-GO,23.2,4.18,30.58,16.69
Neon: Reckoning,2021-07-14,thriller,119,Japão-Kanagawa,14.23,3.45,10.14,4.79
Rush: Reckoning,2019-09-06,action,101,EUA-NY,10.57,3.48,8.94,4.39
MegaPik Aurora,2017-01-05,fantasy,159,Espanha-VAL,46.9,16.77,49.99,29.16
Chronicles,2018-06-29,fantasy,124,Brasil-PB,26.31,9.11,27.52,18.0
Echo,2018-09-26,drama,133,México-CDMX,6.61,1.37,9.65,2.8
Pulse,2019-02-07,action,127,Brasil-AM,24.01,7.47,52.88,25.72
Paws: Uprising,2024-04-26,animation,88,Brasil-DF,30.1,7.95,53.05,20.32
Storm,2015-12-15,action,121,EUA-LA,29.38,10.07,23.32,15.62
MegaPik Harmony 6,2023-12-21,romance,120,EUA-CA,9.9,2.11,10.33,1.73
Whisper 4,2021-12-09,drama,114,EUA-GA,7.09,2.97,9.6,3.48
Embers,2022-09-29,drama,89,EUA-NM,10.99,4.34,29.47,6.17
Shadow 2: Origins,2016-05-12,thriller,107,França-IDF,10.75,3.94,12.98,2.48
Storm 2,2017-07-06,action,118,EUA-CA,42.08,12.94,26.36,14.39
Pulse,2021-08-26,action,113,Brasil-SP,22.19,10.28,16.12,10.6
Rift 4,2016-12-13,sci-fi,149,Canadá-ON,79.09,23.23,64.19,39.31
Mirage 4,2022-06-10,thriller,96,EUA-PA,10.21,4.83,14.06,3.68
MegaPik Voyage,2020-08-20,adventure,124,EUA-GA,45.29,14.39,73.22,34.77
Voyage,2018-05-07,adventure,131,EUA-LA,26.19,9.33,34.37,21.24
Whisper,2017-05-19,drama,115,Austrália-QLD,5.89,1.45,8.89,3.35
Aurora: Legacy,2014-01-30,fantasy,136,EUA-TX,13.01,4.22,15.69,7.31
Paws: Legacy,2023-11-23,animation,94,Canadá-QC,19.26,4.13,33.69,17.26
Rift,2018-11-09,sci-fi,119,Coreia do Sul-Seoul,47.65,14.94,115.74,52.76
Chronicles: Origins,2021-05-14,fantasy,132,Reino Unido-WLS,19.61,6.49,18.71,7.77
Eclipse,2016-09-09,sci-fi,104,Brasil-RS,26.1,8.48,35.39,22.59
Paws,2024-10-09,animation,108,EUA-WA,40.2,9.3,64.09,34.0
Voyage: Eclipse,2020-07-17,adventure,141,México,56.45,21.55,47.49,29.85
Odyssey: Revenant,2017-04-22,adventure,130,EUA-NM,25.85,7.89,43.51,17.49
Neon 2,2013-04-11,thriller,94,Brasil-PA,12.39,5.02,18.79,5.98
Echo,2021-09-14,drama,114,EUA,9.19,2.53,7.89,2.86
Paws,2014-06-25,animation,106,Brasil-MG,22.58,8.64,26.48,11.76
Neon,2019-01-24,thriller,118,França-OCC,18.38,8.14,21.99,7.81
Neon: Horizons,2020-08-13,thriller,115,EUA,31.59,8.25,58.74,18.03
Pulse,2011-12-01,action,125,EUA-WA,64.03,24.58,80.01,47.28
Rift,2018-07-13,sci-fi,113,EUA-PA,22.01,6.76,48.25,18.11
MegaPik Embers,2017-12-19,drama,113,Índia-WB,10.76,3.38,5.95,2.6
MegaPik Neon 2,2016-06-24,thriller,100,Coreia do Sul-Busan,20.42,4.99,12.84,4.91
Echo,2017-11-16,drama,83,Coreia do Sul-Gyeonggi,12.38,5.17,9.35,3.73
Haunt,2013-10-24,horror,105,Reino Unido-WLS,10.4,4.42,8.02,3.51
Chronicles 2,2014-06-27,fantasy,109,EUA,48.47,14.53,40.63,19.46
Storm,2019-07-25,action,145,EUA-MA,36.19,15.38,33.71,23.18
Quantum,2018-10-15,sci-fi,125,EUA-WA,159.31,46.31,173.72,114.2
Mirage: Origins,2020-10-22,thriller,122,EUA-IL,7.07,3.03,7.1,2.15
MegaPik Eclipse: Uprising,2020-05-27,sci-fi,113,EUA-MA,26.45,5.77,15.92,15.63
Voyage 5,2022-06-09,adventure,131,EUA-MA,50.48,14.31,37.27,12.55
Rush,2016-04-15,action,128,EUA-MA,9.83,2.75,7.96,5.9
Frontier,2017-12-10,western,121,Brasil-AM,10.22,3.26,12.44,3.53
Mirage,2025-09-01,thriller,119,México-NLE,11.85,4.96,20.31,11.07
Echo: Revenant,2023-09-04,drama,131,Canadá-ON,8.16,2.93,11.79,3.59
MegaPik Neon,2023-02-11,thriller,126,Brasil-DF,9.83,3.7,23.15,3.28
Whisper 4,2023-12-05,drama,115,EUA-WA,10.92,2.61,5.87,1.48
Neon,2017-03-23,thriller,108,EUA-CA,10.07,2.45,8.5,3.41
Neon,2013-01-04,thriller,100,EUA-LA,14.89,6.78,22.81,8.09
Eclipse,2021-05-12,sci-fi,137,EUA-TX,59.79,14.14,80.14,36.87
Whisper,2023-08-03,drama,125,EUA,10.53,3.59,13.52,5.75
Aurora 3,2010-11-26,fantasy,113,Índia-UP,22.86,8.52,28.36,13.44
Whisper: Eclipse,2023-08-03,drama,111,EUA-LA,11.58,4.69,16.28,4.44
Mirage,2021-09-24,thriller,105,Canadá-BC,41.31,10.38,50.52,23.55
Haunt,2017-04-06,horror,92,Canadá-MB,1.73,0.79,0.72,0.35
Chronicles 2: Eclipse,2013-03-24,fantasy,110,Canadá-MB,22.16,7.64,20.86,12.26
Neon,2018-05-11,thriller,100,Canadá-QC,16.81,8.6,15.97,10.29
MegaPik Quantum 6: Horizons,2018-08-17,sci-fi,141,Reino Unido,49.8,17.6,34.89,25.33
Haunt,2017-06-21,horror,103,Brasil-RJ,22.92,8.25,21.57,9.41
MegaPik Whisper 2,2016-09-09,drama,141,Alemanha-NRW,5.1,2.04,15.8,2.65
Aurora: Revenant,2019-07-18,fantasy,146,EUA,90.81,28.86,136.57,96.3
Echo 5,2010-04-29,drama,121,Brasil-SP,23.59,4.25,21.03,6.33
Whisper,2010-05-20,drama,125,EUA-NM,10.88,2.3,6.03,1.58
Neon: Horizons,2017-12-28,thriller,116,França-OCC,48.11,12.3,63.89,39.36
Whisper: Reckoning,2015-05-15,drama,101,Alemanha-BE,9.81,2.69,8.1,2.59
Shadow,2025-02-20,thriller,120,EUA-LA,20.18,4.83,16.08,8.72
Shadow,2013-02-07,thriller,86,Austrália-QLD,14.02,4.34,31.46,12.96
Rift 3,2021-07-17,sci-fi,133,Brasil-RS,66.76,19.06,52.1,42.66
MegaPik Eclipse: Legacy,2011-05-26,sci-fi,137,EUA,14.3,4.29,9.44,7.43
MegaPik Eclipse,2022-05-19,sci-fi,134,EUA-MA,71.01,32.33,84.72,67.69
Chronicles,2014-02-11,fantasy,99,EUA-NY,15.56,3.74,33.08,15.41
Odyssey: Reckoning,2018-01-04,adventure,115,EUA-PA,15.61,3.19,22.67,10.84
Paws,2012-03-08,animation,103,Brasil-PE,17.33,4.54,28.94,16.34
Rift,2021-04-29,sci-fi,139,EUA-CA,40.82,18.68,42.25,29.86
Quantum,2012-03-07,sci-fi,124,EUA-TX,47.76,13.92,53.42,52.75
Neon 3,2024-10-31,thriller,97,Brasil-SC,19.64,4.27,11.16,6.67
Shadow,2019-03-26,thriller,100,Reino Unido-NIR,21.91,7.35,33.39,18.56
Voyage 6: Afterlight,2024-09-20,adventure,115,EUA-PA,54.95,15.46,59.35,27.76
Voyage 3,2013-05-14,adventure,122,EUA-LA,17.31,6.32,26.02,15.25
Embers,2021-12-24,drama,116,Reino Unido-ENG,1.83,0.42,1.03,0.38
Echo 2: Reckoning,2015-01-03,drama,101,EUA-PA,5.08,1.5,11.78,3.41
Shadow: Afterlight,2019-12-20,thriller,118,EUA-GA,17.96,8.0,14.36,10.33
Eclipse,2017-04-07,sci-fi,113,Coreia do Sul-Gyeonggi,49.0,12.39,65.85,53.04
Aurora,2021-05-28,fantasy,147,Nigéria-Abuja,48.3,11.82,43.69,26.38
Pulse,2024-08-09,action,128,Canadá,44.08,14.52,45.34,32.81
Whisper,2014-04-10,drama,105,Canadá-MB,9.44,2.9,20.2,3.12
Chronicles,2018-11-22,fantasy,134,EUA-MA,42.86,16.1,60.37,38.62
MegaPik Storm,2017-10-20,action,113,Brasil-CE,27.08,9.12,27.3,23.56
Odyssey 2,2021-03-12,adventure,138,EUA-PA,16.74,6.91,17.61,8.96
MegaPik Eclipse,2015-10-02,sci-fi,131,EUA-IL,47.37,14.28,89.29,70.52
MegaPik Storm 2,2014-08-21,action,115,EUA,41.42,21.77,45.1,25.64
Pulse: Horizons,2017-06-16,action,106,EUA-MA,56.43,13.84,51.76,31.84
Odyssey: Uprising,2021-02-26,adventure,124,Reino Unido-SCT,34.16,9.29,63.09,33.02
Embers: Reckoning,2019-04-13,drama,133,Índia-DL,9.31,2.97,10.3,2.39
Frontier: Uprising,2014-05-23,western,120,EUA,34.67,14.91,35.72,21.75
Aurora 5,2017-05-11,fantasy,142,EUA-PA,12.09,3.58,19.03,14.74
Quantum: Uprising,2013-02-15,sci-fi,149,EUA-LA,23.69,5.76,28.94,18.46
Chronicles,2022-08-11,fantasy,135,Brasil-PB,26.84,10.22,43.75,23.32
Harmony,2023-05-12,romance,120,EUA,9.44,2.91,19.42,5.34
MegaPik Paws: Origins,2020-10-23,animation,90,Canadá-MB,22.51,6.38,21.61,9.66
Neon 4,2020-01-09,thriller,91,Alemanha,11.81,4.23,22.34,7.23
Pulse,2015-05-28,action,112,Brasil-RS,19.54,9.84,30.37,18.68
MegaPik Eclipse,2018-05-15,sci-fi,121,Canadá-ON,33.64,13.43,44.91,32.56
Neon 2,2023-10-17,thriller,99,Brasil-PR,15.21,7.06,9.37,6.34
Frontier,2020-12-31,western,125,EUA-NM,12.5,3.24,13.42,3.99
Aurora 4,2022-03-04,fantasy,129,Canadá-MB,12.86,4.29,12.65,9.42
MegaPik Embers,2017-09-28,drama,127,EUA-LA,5.95,1.78,12.16,3.09
Eclipse,2022-01-13,sci-fi,105,EUA-NY,78.24,34.82,86.1,69.93
Frontier,2021-07-09,western,113,EUA,11.87,4.47,10.29,3.71
MegaPik Voyage,2021-03-04,adventure,137,Índia-WB,45.08,15.6,41.77,28.18
Harmony 2: Horizons,2016-04-28,romance,97,EUA-LA,16.99,6.92,18.33,5.73
Rush 3: Origins,2016-10-06,action,118,EUA-WA,63.25,28.14,72.74,41.75
MegaPik Harmony: Afterlight,2012-06-01,romance,76,Reino Unido-ENG,16.16,4.41,14.47,5.57
Haunt,2023-06-28,horror,97,Índia-WB,35.2,13.3,23.0,13.39
Eclipse,2023-10-27,sci-fi,137,Japão-Kanagawa,89.95,40.28,93.44,72.95
Haunt,2021-08-12,horror,104,Brasil-SC,11.1,5.24,11.8,4.45
Embers,2023-12-29,drama,106,Brasil-SC,11.82,4.58,14.98,5.45
Harmony,2022-07-07,romance,111,EUA-NY,13.67,5.43,24.85,5.01
Pulse,2017-05-05,action,129,Reino Unido-SCT,29.7,12.98,34.5,23.97
MegaPik Odyssey,2025-12-18,adventure,129,França-ARA,51.11,14.17,40.61,15.66
Mirage,2010-03-26,thriller,115,Canadá,14.66,4.84,11.68,5.51
Voyage: Legacy,2020-02-21,adventure,138,Brasil-SC,36.35,11.19,78.52,57.63
Mirage,2018-04-05,thriller,115,EUA-NY,14.91,5.22,20.52,6.46
Eclipse,2024-05-23,sci-fi,117,Brasil-MG,21.13,4.29,55.52,26.19
Mirage,2021-11-26,thriller,109,EUA-GA,34.46,12.94,55.43,21.91
Mirage: Eclipse,2014-02-12,thriller,90,Índia-UP,15.72,5.38,24.76,8.85
MegaPik Eclipse: Reckoning,2023-11-17,sci-fi,123,Índia-KA,87.03,32.6,72.7,50.29
Whisper,2020-01-04,drama,115,EUA-CA,9.54,2.38,20.02,7.5
Echo 5: Afterlight,2012-02-16,drama,106,EUA-WA,6.92,1.28,8.49,3.59
Rift,2025-10-21,sci-fi,136,Alemanha-BY,31.65,13.89,58.18,35.96
Rift 2,2016-04-17,sci-fi,116,Brasil,26.64,9.62,27.0,14.68
Paws,2010-10-20,animation,82,EUA-WA,15.39,4.72,22.11,11.36
Eclipse: Legacy,2022-08-25,sci-fi,131,Brasil-PA,37.72,8.91,36.14,18.46
Voyage,2017-09-15,adventure,115,Reino Unido-ENG,23.94,7.54,67.77,31.42
Pulse,2011-06-03,action,130,EUA,26.13,7.83,34.25,20.23
Neon,2013-12-19,thriller,109,EUA-WA,13.98,4.35,11.15,7.63
Odyssey,2019-08-30,adventure,145,Brasil,21.59,8.65,35.75,19.41
Haunt 2: Eclipse,2019-07-18,horror,98,EUA-CA,21.77,9.75,13.72,5.45
Aurora,2021-10-14,fantasy,135,EUA,22.0,7.51,19.37,10.98
Harmony 4: Reckoning,2016-04-09,romance,104,Reino Unido-SCT,11.79,3.95,21.3,5.77
Storm: Reckoning,2017-07-06,action,125,Brasil-GO,23.34,8.48,38.31,26.91
Mirage: Legacy,2025-05-18,thriller,109,Índia-WB,8.4,3.24,16.29,5.64
Frontier 2,2015-12-03,western,135,Reino Unido-WLS,21.48,6.4,22.11,4.3
Paws,2018-08-24,animation,106,Brasil-AM,17.97,3.23,30.11,7.95
MegaPik Echo,2017-10-06,drama,91,EUA-NM,10.71,3.73,13.12,3.02
Aurora,2019-02-28,fantasy,120,Índia-TN,39.14,10.27,59.67,45.68
Whisper,2022-09-29,drama,121,EUA-NM,3.43,1.04,1.42,0.31
Embers 2: Revenant,2015-10-08,drama,110,Brasil-PB,6.94,1.57,11.08,4.03
Rush 2,2024-01-12,action,123,EUA-GA,26.81,13.5,25.11,17.41
Rush: Afterlight,2020-03-19,action,109,EUA-NY,38.58,8.61,52.93,39.07
Mirage,2018-11-23,thriller,101,Reino Unido-NIR,18.01,6.06,20.36,9.32
Quantum: Reckoning,2015-02-14,sci-fi,132,Alemanha-NRW,35.3,9.09,22.56,19.43
Storm: Horizons,2013-11-21,action,110,EUA-PA,25.26,10.08,27.42,11.21
Frontier,2017-05-04,western,117,Austrália,6.33,1.8,7.34,3.46
Odyssey,2016-12-01,adventure,111,Brasil-CE,49.67,15.02,67.33,36.29
Whisper,2018-11-09,drama,110,Brasil-CE,12.27,3.73,16.19,5.65
Paws: Uprising,2020-07-02,animation,107,EUA-IL,31.93,7.19,43.36,14.08
MegaPik Voyage,2014-07-03,adventure,122,Brasil-RJ,21.58,6.15,15.97,10.36
Pulse,2018-06-14,action,129,EUA-TX,43.15,14.6,21.82,18.45
Echo: Legacy,2023-03-12,drama,101,EUA-TX,17.64,6.08,30.45,10.2
Whisper,2018-07-12,drama,125,EUA-CA,8.07,2.84,7.8,3.03
Haunt 4,2021-07-29,horror,77,EUA-CA,12.03,6.08,9.88,5.59
Pulse: Legacy,2013-12-05,action,116,EUA-LA,52.05,21.53,42.98,38.13
Mirage,2021-02-16,thriller,111,Brasil-SC,18.25,5.61,15.07,8.15
Embers,2017-03-03,drama,116,EUA-IL,8.52,3.07,13.5,2.97
Odyssey,2023-10-01,adventure,141,Nigéria-Rivers,32.83,9.5,48.55,40.97
Pulse 5,2014-11-21,action,119,EUA-NM,58.86,25.63,59.92,24.59
Frontier,2024-07-12,western,109,Reino Unido-SCT,24.79,7.5,42.12,18.79
MegaPik Haunt: Revenant,2015-07-21,horror,98,França-NAQ,14.13,3.95,11.01,4.22
Pulse: Horizons,2021-02-03,action,116,Brasil-CE,40.95,14.6,48.88,24.01
Whisper,2021-10-29,drama,109,Reino Unido-ENG,10.67,2.98,15.89,3.14
Harmony,2024-12-12,romance,88,Coreia do Sul-Gyeonggi,23.36,7.45,46.78,16.23
Whisper 6,2018-06-26,drama,100,Brasil-MG,8.84,3.46,6.5,1.52
Rush: Legacy,2010-02-26,action,137,Coreia do Sul-Gyeonggi,44.51,14.76,63.9,51.13
Paws,2021-07-01,animation,101,México-NLE,29.4,8.93,60.21,23.23
Mirage: Horizons,2023-01-13,thriller,118,EUA-TX,22.36,11.53,45.08,24.45
Harmony 3: Legacy,2022-01-07,romance,121,EUA-NY,12.13,3.94,17.88,5.24
Voyage,2021-04-23,adventure,127,EUA,16.59,5.63,32.57,10.81
Odyssey: Reckoning,2017-12-15,adventure,106,Brasil-SP,27.31,7.25,20.11,10.06
Embers: Revenant,2010-02-12,drama,106,Japão-Aichi,7.13,2.51,9.76,3.26
Rift,2020-06-21,sci-fi,132,Brasil-PB,45.42,8.18,34.16,23.18
Neon,2010-08-08,thriller,103,EUA-GA,15.11,4.38,25.05,6.64
Odyssey,2022-04-22,adventure,123,EUA-NY,15.49,4.74,18.48,9.68
Paws 2: Afterlight,2013-06-28,animation,107,França-OCC,21.33,6.46,17.91,12.06
Chronicles,2011-12-19,fantasy,117,Reino Unido-NIR,22.86,8.21,10.12,6.34
Quantum: Uprising,2019-08-26,sci-fi,146,EUA-GA,38.9,10.77,48.87,45.16
Paws,2016-03-10,animation,93,Índia-WB,24.2,7.41,28.53,11.24
Rush,2021-01-25,action,127,França-IDF,25.2,9.23,52.56,26.7
Whisper,2012-02-12,drama,130,Japão-Aichi,4.03,0.92,9.22,3.36
Mirage,2024-09-10,thriller,103,Brasil-SC,22.61,10.28,32.27,20.02
MegaPik Harmony,2020-03-02,romance,100,Brasil-DF,18.32,4.13,22.71,5.99
MegaPik Odyssey: Revenant,2016-09-29,adventure,128,Alemanha-BE,27.02,8.75,34.45,12.2
Mirage,2019-08-04,thriller,107,EUA-GA,20.84,7.18,23.05,8.99
Harmony 2,2020-10-13,romance,109,França-NAQ,13.84,4.65,19.17,7.04
Quantum,2012-12-06,sci-fi,126,Brasil-MG,13.98,6.87,12.17,8.43
Pulse: Origins,2023-09-14,action,114,Brasil-PA,39.49,16.87,62.14,43.01
Paws,2017-12-14,animation,111,Índia-MH,19.05,5.25,20.42,7.05
Frontier,2020-10-01,western,112,Brasil-AM,15.79,5.29,31.5,14.13
Mirage,2025-05-09,thriller,113,EUA-IL,17.0,6.68,29.51,8.92
Harmony 2,2022-01-07,romance,120,Reino Unido-ENG,8.27,2.57,37.99,3.8
Rift,2018-10-25,sci-fi,114,EUA-CA,78.27,30.54,89.87,73.93
Rush,2021-04-08,action,126,Reino Unido-NIR,23.92,5.32,49.2,29.02
Voyage 4,2023-09-15,adventure,113,Reino Unido-SCT,30.85,12.73,57.74,30.88
Embers,2015-03-01,drama,100,EUA-WA,10.39,4.2,7.47,1.47
Chronicles: Uprising,2013-11-21,fantasy,134,EUA-TX,13.6,4.04,20.53,14.65
Eclipse 3,2020-09-01,sci-fi,120,Brasil-DF,40.32,14.99,35.69,20.72
MegaPik Whisper,2012-12-06,drama,122,Brasil-BA,8.5,2.0,12.07,3.46
MegaPik Voyage 2: Revenant,2023-02-13,adventure,104,EUA-PA,26.22,7.6,25.58,13.03
Echo,2020-02-07,drama,123,EUA-IL,4.46,1.46,6.4,1.52
Storm,2024-01-04,action,125,EUA,33.74,12.7,67.2,34.71
Mirage,2019-07-12,thriller,100,França-NAQ,14.51,5.36,21.42,11.8
MegaPik Rush 2,2011-07-07,action,132,EUA-MA,29.78,13.51,19.59,14.28
Storm,2023-08-25,action,121,Brasil-PE,21.28,7.9,41.64,23.44
Chronicles,2013-10-25,fantasy,164,Índia-UP,32.55,13.85,28.89,14.18
Embers: Revenant,2019-07-18,drama,112,Brasil-DF,10.46,2.96,6.36,1.75
MegaPik Paws: Origins,2019-05-24,animation,115,EUA-TX,29.2,10.12,35.59,21.66
Harmony,2022-07-15,romance,97,EUA-GA,9.24,3.39,5.49,2.4
Harmony: Afterlight,2019-04-05,romance,111,Brasil-RJ,15.11,3.6,21.91,10.39
Quantum,2011-10-13,sci-fi,143,Brasil-GO,28.52,9.56,28.62,16.46
Neon: Eclipse,2019-08-01,thriller,118,EUA-TX,18.85,5.27,46.32,15.45
Whisper: Afterlight,2014-10-17,drama,127,EUA-NM,7.43,2.98,4.77,1.16
Rift 4: Horizons,2017-04-07,sci-fi,125,Índia-WB,18.3,5.83,27.7,14.87
MegaPik Harmony,2021-08-20,romance,83,EUA-PA,13.57,4.1,19.53,9.69
Voyage,2011-10-13,adventure,120,EUA-NY,31.16,6.89,44.36,23.24
Chronicles,2013-02-25,fantasy,137,México-NLE,15.65,6.53,36.93,18.05
Rush,2019-02-15,action,121,EUA-NY,46.89,17.51,88.05,52.38
Voyage,2024-11-22,adventure,116,Brasil-CE,59.57,21.33,83.44,42.9
Chronicles: Revenant,2018-06-14,fantasy,116,EUA-PA,15.58,6.08,19.13,7.23
Embers 5: Uprising,2020-05-12,drama,109,EUA-CA,15.49,6.59,18.1,6.44
Rift: Revenant,2025-04-24,sci-fi,124,EUA-CA,23.86,11.9,33.43,22.39
Embers: Legacy,2017-05-05,drama,124,EUA-NY,15.2,6.64,45.12,11.27
Rift,2015-02-12,sci-fi,98,Índia-WB,30.37,9.67,50.46,26.1
Voyage,2018-06-13,adventure,127,México-MEX,21.79,6.92,17.55,13.53
Pulse: Eclipse,2014-09-26,action,130,EUA-NY,24.53,8.59,47.25,16.61
Storm,2021-05-14,action,118,Reino Unido-SCT,37.28,13.03,32.72,12.73
Frontier: Afterlight,2021-05-20,western,105,EUA-NY,11.33,4.0,18.39,7.42
Odyssey: Afterlight,2021-05-28,adventure,116,Japão-Osaka,47.44,15.76,49.46,27.15
Paws,2015-11-27,animation,88,EUA,38.74,10.58,50.53,21.53
Storm: Reckoning,2021-04-09,action,134,EUA-TX,9.07,3.92,9.9,7.6
Mirage 2,2018-08-21,thriller,113,Reino Unido-NIR,30.31,11.41,35.54,14.24
Eclipse 5,2021-03-12,sci-fi,122,EUA-GA,30.25,15.32,40.96,19.8
Pulse: Legacy,2016-08-22,action,85,EUA-NM,21.02,7.54,20.99,10.67
Quantum 2,2021-04-03,sci-fi,129,Brasil-GO,23.58,8.31,33.63,15.85
Rift,2020-10-15,sci-fi,118,EUA-TX,77.84,32.01,90.55,81.11
Chronicles: Eclipse,2019-03-12,fantasy,115,EUA-WA,12.96,3.05,47.86,12.43
MegaPik Quantum 4,2020-03-12,sci-fi,133,Brasil-RS,41.53,11.48,34.17,22.59
MegaPik Paws 2,2018-09-28,animation,86,Brasil,49.37,13.68,65.79,24.86
Embers: Legacy,2025-07-27,drama,111,EUA-TX,16.17,3.79,18.47,7.52
Whisper,2018-08-17,drama,94,EUA-IL,3.47,0.98,1.55,0.45
Aurora,2010-01-28,fantasy,137,EUA-NY,19.94,6.09,64.97,29.24
Frontier,2011-06-17,western,131,EUA-TX,10.93,3.44,13.71,6.34
Shadow: Origins,2013-11-08,thriller,100,Brasil-RS,15.47,6.27,16.47,8.05
Pulse: Horizons,2025-06-21,action,115,EUA-NY,18.72,4.94,45.75,18.62
Rift: Afterlight,2022-03-17,sci-fi,126,Austrália-VIC,42.89,13.51,72.11,52.67
Quantum,2022-06-10,sci-fi,116,Brasil-MG,50.84,9.31,43.61,32.72
Rush,2018-04-12,action,124,Japão-Kanagawa,20.74,9.41,35.53,12.61
Haunt: Legacy,2011-06-09,horror,88,Brasil-DF,1.2,0.27,0.63,0.33
